user_id,course,test_count,Date,Points,Percent,Test,A,B,C,D,5 x 6,7+6,24 / 4,15 - 8,100+20+4,100-7,54 / 9,2465 / 5,8 x 9,4 - 19,15 + 16,13 x 3,456 - 358,Every car has four wheels. How many wheels do five cars have?,"At the store, a coke costs K4 and a chocolate costs K5. Thandi buys each of her three children a coke and chocolate. How much did Thandi spend on food and drinks?","4, 7, 10, 13, __, __","1, 2, 4, 8, __, __","1, 4, 9, 16, __, __",What is the place value of 4 in 56471 ?,Round off 323 to the nearest hundred.,Round off 27 to the nearest ten.,5 - 2 x 2 +3,8 x 2 - (3+4),(9-5)x(6-3),Which of the following numbers is the smallest?,-3+(-17),-5+20,-4x(-2),40 / (-5),What is the absolute value of -7?,Which of the following is not a prime number?,Tick all the factors of 18,Which of the following is a factor of 27 ?,List all the prime factors of 12,"Find the highest common factor (greatest common divisor) of 12, 18 and 24.","Find the lowest common multiple of 3, 4 and 6.",1/5 + 3/5,7/9 - 4/9,1 - 1/4,2/3 + 3/4,15/25,3/4 x 5/2,3 x 2/5,2/3 / 3/2,What is a quarter of 16?,Which is smallest fraction 1/7 1/8 2/15,What is 10% of 250?,Zola has a bag with 6 sweets. Two of the sweets in the bag are red and four are yellow. What fraction of Zola's sweets is red?,Helen buys a cake and cuts it into four equal slices. Helen's brother eats one slice. Helen's sister eats half of another slice. What fraction of the cake is left?,Tom has seven and a half kwacha. He shares the money equally between his three sisters and keeps no money for himself. How much does Tom give to each sister?,0.7 + 0.4,0.45 - 0.13,0.3 x 7,213 / 100,0.5 x 0.6,What is 19.67 - 16.4 =,Write 2 1/2 as a decimal fraction,Which number is the largest? (Tick your answer),Change 0.25 to a percentage.,Jane got 45 marks out of 50 in a test. What did she get as a percentage?
7505c5521ff242449f7d7f2d1d7bc7f7,alpha,1,30-11-16,22,37%,alpha1,67%,50%,0%,0%,1,1,1,1,1,1,1,1,1,0,1,1,1,1,1,1,0,0,1,0,0,0,0,0,1,0,1,1,0,0,1,1,1,0,0,0,0,0,0,0,0,0,0,0,0,0,0,0,0,0,0,0,0,0,0,0,0,0,0,0
6cf1a37f35714904ad372c56fb84d431,alpha,1,30-11-16,14,23%,alpha1,58%,0%,0%,0%,0,1,1,1,1,1,1,0,1,0,1,1,1,1,1,1,0,0,1,0,0,0,0,0,0,0,0,0,0,0,0,0,0,0,0,0,0,0,0,0,0,0,0,0,0,0,0,0,0,0,0,0,0,0,0,0,0,0,0,0
049aed4e0ed84b3a909a2b02c6b24818,alpha,1,30-11-16,13,22%,alpha1,46%,17%,0%,0%,1,0,0,0,0,1,1,0,1,0,1,1,1,1,1,1,0,0,1,0,0,0,0,0,1,0,0,1,0,0,0,0,0,0,0,0,0,0,0,0,0,0,0,0,0,0,0,0,0,0,0,0,0,0,0,0,0,0,0,0
4a075fa4525444b0a99786f186ee5d37,alpha,1,30-11-16,11,18%,alpha1,46%,0%,0%,0%,1,1,1,1,1,0,1,0,1,0,1,0,0,0,1,0,1,0,1,0,0,0,0,0,0,0,0,0,0,0,0,0,0,0,0,0,0,0,0,0,0,0,0,0,0,0,0,0,0,0,0,0,0,0,0,0,0,0,0,0
89e17f61414545a780bc48693e0bec4b,alpha,1,30-11-16,16,27%,alpha1,58%,17%,0%,0%,0,1,1,1,1,1,1,0,1,0,1,1,1,1,1,1,0,0,1,0,0,0,0,0,1,0,0,0,0,0,1,0,0,0,0,0,0,0,0,0,0,0,0,0,0,0,0,0,0,0,0,0,0,0,0,0,0,0,0,0
30325064aa0c424a87f7b478620654b7,alpha,1,30-11-16,13,22%,alpha1,50%,8%,0%,0%,1,1,1,1,1,1,0,1,0,0,1,1,1,0,0,1,0,0,1,0,0,0,0,0,1,0,0,0,0,0,0,0,0,0,0,0,0,0,0,0,0,0,0,0,0,0,0,0,0,0,0,0,0,0,0,0,0,0,0,0
dcd142ae0ad74c8f8cf34a89469ecfae,alpha,4,25-11-16,58,97%,alpha1,100%,100%,86%,100%,1,1,1,1,1,1,1,1,1,1,1,1,1,1,1,1,1,1,1,1,1,1,1,1,1,1,1,1,1,1,1,1,1,1,1,1,1,0,1,1,1,1,1,1,1,1,1,1,0,1,1,1,1,1,1,1,1,1,1,1
ac8b5d99dea04c828179ec8541f72b1f,alpha,1,28-11-16,19,32%,alpha1,42%,42%,7%,30%,1,1,1,1,1,1,0,1,0,0,1,0,0,0,0,1,0,0,1,0,0,0,0,0,1,0,1,1,1,1,0,0,0,0,0,0,1,0,0,0,0,0,0,0,0,0,0,0,0,0,0,0,0,0,0,0,0,1,1,1
47db070c84874809a2a2f90a4951a1ad,alpha,1,16-11-16,22,37%,alpha1,63%,17%,14%,30%,1,1,1,1,1,1,0,1,0,0,1,0,1,1,1,1,1,1,1,0,0,0,0,0,1,0,0,0,0,1,0,0,0,0,0,0,1,0,0,0,0,0,0,0,0,1,0,0,0,0,0,0,0,0,0,0,0,1,1,1
b06061d75b96494f9d77f62ef4f316c4,alpha,2,29-11-16,39,65%,alpha2,88%,58%,29%,70%,1,1,1,1,1,1,1,1,1,0,1,0,1,1,1,1,1,0,1,1,1,1,1,1,1,1,1,1,1,0,0,0,1,0,0,1,0,1,0,0,1,1,1,0,0,0,0,0,0,0,1,1,1,0,1,1,0,1,1,0
a85d3326aee5408ca8d5a63aa45fa9a5,alpha,2,17-11-16,52,87%,alpha2,100%,92%,93%,40%,1,1,1,1,1,1,1,1,1,1,1,1,1,1,1,1,1,1,1,1,1,1,1,1,1,1,1,1,1,1,1,1,1,0,1,1,1,1,1,1,1,1,1,1,1,1,1,1,0,1,0,0,0,1,0,0,0,1,1,1
94ab1076ef7143d9bc7dbe23e1cd359b,alpha,1,16-11-16,27,45%,alpha1,58%,58%,14%,40%,1,1,1,1,1,1,0,1,0,0,1,0,1,1,1,1,0,0,1,0,0,1,0,0,1,0,0,1,1,1,1,1,1,0,0,0,1,0,0,0,0,0,0,0,0,1,0,0,0,0,0,0,0,1,0,0,0,1,1,1
f0f75af6657d451faa69d1be8066a85b,alpha,1,16-11-16,31,52%,alpha1,71%,42%,29%,50%,1,1,1,1,1,1,0,1,1,0,1,1,1,1,1,1,1,1,1,0,0,0,0,0,1,0,1,1,0,0,1,0,1,0,0,0,1,0,0,1,1,0,1,0,0,0,0,0,0,0,0,0,0,1,1,0,0,1,1,1
a9bba05308df48f4b49950c91dcdacf9,alpha,2,29-11-16,34,57%,alpha2,71%,67%,29%,50%,1,1,1,1,1,1,0,0,1,0,1,0,1,1,1,1,0,1,1,1,1,0,0,1,1,1,1,0,1,1,1,1,1,0,0,0,1,1,0,0,0,1,1,0,0,0,0,0,0,0,1,1,0,0,1,0,0,1,1,0
881dc6e551b24826bfd211245c83e370,alpha,1,16-11-16,37,62%,alpha1,75%,67%,36%,60%,1,1,1,1,1,1,0,1,1,1,1,1,1,1,1,1,0,1,1,0,0,1,0,0,1,0,1,1,0,1,1,1,1,0,0,1,1,0,0,0,1,1,1,0,0,1,0,0,0,0,1,1,0,1,0,0,0,1,1,1
1bd3996059d64853a37a2d2c0e51add2,alpha,2,29-11-16,27,45%,alpha2,50%,58%,21%,50%,1,1,1,1,1,0,1,0,1,0,1,1,1,0,1,0,0,0,1,0,0,0,0,0,1,1,1,0,0,1,1,1,1,0,0,0,1,0,0,1,0,0,1,0,0,0,0,0,0,0,1,1,0,0,0,0,0,1,1,1
a58c74ec25aa4899b0b1f08246cb9b09,alpha,1,16-11-16,36,60%,alpha1,83%,42%,36%,60%,1,1,1,1,1,1,0,1,1,0,1,1,1,1,1,1,1,1,1,0,1,1,1,0,1,0,1,1,0,1,0,0,1,0,0,0,1,0,0,0,1,0,1,0,0,1,1,0,0,0,1,1,0,1,0,0,0,1,1,1
d82a347ede984f6eb56c531763ac9917,alpha,2,17-11-16,48,80%,alpha2,92%,92%,64%,60%,0,1,1,1,1,0,1,1,1,1,1,1,1,1,1,1,1,1,1,1,1,1,1,1,1,1,1,1,1,1,1,1,1,0,1,1,1,1,0,1,1,1,1,0,0,1,0,1,0,1,0,0,1,1,1,0,0,1,1,1
85f0cedc906b4f71b4d3cddb9c04aa06,alpha,2,28-11-16,33,55%,alpha2,63%,50%,36%,70%,1,1,1,1,1,1,1,1,1,0,1,1,1,0,0,1,1,0,1,0,0,0,0,0,1,0,0,1,1,0,1,1,1,0,0,0,1,1,0,0,1,0,1,0,0,0,0,1,0,0,1,1,0,1,1,1,0,0,1,1
991ede02286340d59cdb1e799ec1bbf2,alpha,1,29-11-16,31,52%,alpha1,63%,67%,36%,30%,1,1,1,1,1,1,0,0,1,0,1,1,0,1,1,1,1,1,1,0,0,0,0,0,1,1,1,1,1,1,1,0,1,0,0,0,1,0,1,1,0,0,1,0,0,0,0,1,0,0,0,0,0,0,0,0,0,1,1,1
1ce64aa4eea24c988c74644de5f6bc7c,alpha,1,16-11-16,31,52%,alpha1,71%,50%,29%,40%,1,1,1,1,1,1,1,1,1,0,1,1,1,1,0,1,0,1,1,0,0,1,0,0,1,1,1,0,0,1,1,0,1,0,0,0,1,0,0,0,1,0,1,0,0,1,0,0,0,0,1,0,0,0,0,0,0,1,1,1
7ac7e6091a6e4411bfb56e4fce03612c,alpha,1,28-11-16,26,43%,alpha1,54%,58%,21%,30%,1,1,1,0,1,1,1,1,1,0,1,0,1,0,1,1,0,0,1,0,0,0,0,0,1,1,1,1,1,1,1,0,0,0,0,0,1,0,0,1,0,0,0,0,0,1,0,0,0,0,0,0,0,0,0,0,0,1,1,1
495c34351b054e0c8ad87befd9fcd079,alpha,2,17-11-16,55,92%,alpha2,100%,92%,93%,70%,1,1,1,1,1,1,1,1,1,1,1,1,1,1,1,1,1,1,1,1,1,1,1,1,1,1,1,1,1,1,1,1,1,0,1,1,1,1,1,1,1,1,1,1,1,1,1,1,0,1,0,1,1,1,1,0,0,1,1,1
1bb36ab795494a659ebb4a3e4e727036,alpha,1,16-11-16,32,53%,alpha1,63%,92%,21%,30%,1,1,1,1,1,1,0,1,1,1,1,0,0,0,0,0,0,0,1,1,1,1,1,0,1,1,1,1,1,1,1,1,1,0,1,1,1,0,0,0,0,1,0,0,0,1,0,0,0,0,0,0,0,0,0,0,0,1,1,1
eeef3444ff7d4ed8ba54f5b403edd8db,alpha,2,29-11-16,30,50%,alpha2,63%,50%,36%,40%,1,1,1,0,1,1,1,1,1,0,1,1,0,1,0,1,0,1,1,0,0,0,0,1,0,0,0,1,1,1,1,1,0,0,0,1,1,1,0,0,0,1,1,0,0,0,0,1,0,0,0,0,1,0,0,0,0,1,1,1
c1e7f810718a41cca4eead6abe560d2f,alpha,1,16-11-16,35,58%,alpha1,75%,67%,29%,50%,1,1,1,1,1,1,0,1,1,0,1,1,1,1,1,1,1,0,1,0,0,1,1,0,1,0,1,1,1,1,1,1,0,0,0,1,1,0,0,1,1,0,0,0,0,1,0,0,0,0,1,0,0,1,0,0,0,1,1,1
b1c2040efcc8405d81ea04f3afaeb7dc,alpha,1,28-10-16,40,67%,alpha1,67%,92%,64%,40%,1,1,1,1,1,1,1,1,0,1,1,1,1,0,1,1,0,0,1,0,0,1,0,0,1,1,1,1,1,1,1,1,1,0,1,1,1,0,0,1,1,1,1,1,0,1,0,1,0,1,0,0,0,0,0,0,1,1,1,1
3d7f41f6cd0d4419b5570987830f4a4e,alpha,1,28-10-16,40,67%,alpha1,71%,83%,50%,60%,1,1,1,1,1,1,1,1,0,1,1,1,1,0,1,1,0,0,1,0,1,1,0,0,1,1,1,1,1,1,1,1,1,0,0,1,1,0,0,1,0,1,1,0,0,1,0,1,0,1,0,0,1,1,0,0,1,1,1,1
01338793cc034bb78770de4782153da6,alpha,1,28-10-16,39,65%,alpha1,67%,92%,50%,50%,1,1,1,1,1,1,1,1,0,0,1,1,1,0,1,1,1,0,1,0,0,1,0,0,1,1,1,1,1,1,1,1,1,0,1,1,1,0,0,1,0,0,1,0,0,1,1,1,0,1,0,0,1,1,0,0,0,1,1,1
3e19109d1f6a456685bf43c466912fbb,alpha,2,27-10-16,27,45%,alpha2,67%,42%,14%,40%,1,1,0,1,1,0,0,1,1,1,0,0,0,1,1,1,1,1,1,0,0,1,1,1,1,0,0,0,0,0,1,1,1,0,0,1,1,1,0,0,0,0,0,0,0,0,0,0,0,0,0,0,0,1,1,0,0,0,1,1
d3153050582146afbadf2e03b8925bac,alpha,2,27-10-16,36,60%,alpha2,58%,67%,64%,50%,1,1,1,1,1,0,0,1,1,0,1,1,1,1,0,0,1,0,1,0,0,0,0,1,1,1,0,1,0,1,1,1,1,0,0,1,1,1,1,1,1,0,1,1,0,1,0,1,0,0,1,1,0,0,0,0,0,1,1,1
c1e44a7047e0455d9d227ae69b95a915,alpha,2,27-10-16,27,45%,alpha2,58%,42%,36%,30%,1,1,1,1,1,0,0,1,1,0,1,1,0,1,1,0,0,0,1,0,1,0,0,1,1,0,0,1,0,1,1,1,0,0,0,0,1,1,0,0,1,1,1,0,0,0,0,0,0,0,0,0,0,0,0,0,0,1,1,1
f394b770bd014cfea4e21b5865dc2172,alpha,2,27-10-16,31,52%,alpha2,54%,58%,50%,40%,1,1,0,1,1,1,0,0,1,0,1,1,0,1,1,1,0,0,1,0,0,0,0,1,1,0,0,1,0,0,1,1,1,0,1,1,1,1,0,1,1,1,1,0,0,0,0,1,0,0,0,0,0,1,0,0,0,1,1,1
6a1924e6112f4a72be2f142bb9d8b147,alpha,2,27-10-16,36,60%,alpha2,79%,50%,36%,60%,1,1,1,1,1,1,1,1,1,0,1,1,1,1,0,1,1,1,1,1,1,0,0,0,1,1,0,0,1,1,0,0,1,1,0,0,1,1,0,1,0,0,1,0,0,1,0,0,0,0,1,1,0,0,0,1,0,1,1,1
7ff7ddfe00a14abf99a87c4fe716bb32,alpha,1,26-10-16,29,48%,alpha1,67%,75%,7%,30%,1,1,1,1,1,1,1,1,1,0,1,1,0,1,1,1,0,1,1,0,0,0,0,0,1,1,1,1,1,1,1,1,1,0,0,0,0,0,0,0,0,1,0,0,0,0,0,0,0,0,0,0,0,0,0,0,0,1,1,1
2a09ebfece624745a7d6945d45628597,alpha,2,26-10-16,56,93%,alpha2,96%,92%,93%,90%,1,1,1,1,1,1,1,1,1,1,1,1,0,1,1,1,1,1,1,1,1,1,1,1,1,1,1,1,1,1,1,1,1,0,1,1,1,1,1,1,1,1,1,1,1,1,1,1,0,1,1,1,1,1,1,1,0,1,1,1
9ae2757ef0464aae93399eb5fc2ca9e5,alpha,2,26-10-16,25,42%,alpha2,46%,25%,14%,90%,1,1,0,1,1,1,0,1,1,1,1,1,0,0,0,0,0,0,1,0,0,0,0,0,0,0,0,0,1,1,1,0,0,0,0,0,0,0,0,1,0,0,1,0,0,0,0,0,0,0,1,1,1,1,1,1,0,1,1,1
e2f611b435e04d429a4214aa1ad5276b,alpha,2,26-10-16,52,87%,alpha2,83%,92%,86%,90%,1,1,1,1,1,1,0,1,1,0,1,1,1,1,1,1,1,1,1,1,1,0,0,1,1,1,1,1,1,1,1,1,1,0,1,1,1,1,1,1,1,0,1,1,1,1,1,1,0,1,1,1,1,1,1,1,0,1,1,1
64bccad199074f889ae6f8032702a04f,alpha,2,26-10-16,36,60%,alpha2,67%,75%,50%,40%,1,1,1,1,1,1,1,1,1,0,1,1,0,1,0,1,1,1,1,0,0,0,0,0,1,1,1,0,1,1,1,1,1,1,0,0,1,1,1,1,1,0,0,1,0,0,0,1,0,0,0,0,0,1,0,0,0,1,1,1
dcd142ae0ad74c8f8cf34a89469ecfae,alpha,4,03-10-16,50,83%,alpha3,88%,83%,79%,80%,1,1,1,1,1,1,1,1,1,1,1,1,1,0,1,1,1,1,1,0,0,1,1,1,1,1,1,0,1,1,1,1,1,0,1,1,1,1,1,1,1,1,1,1,0,1,0,1,0,1,1,1,1,0,0,1,1,1,1,1
2ac8a3dd27ce4181bbdb46f02c6aecc7,alpha,2,26-09-16,28,47%,alpha2,46%,8%,79%,50%,1,1,1,1,1,1,1,1,1,0,1,0,0,0,0,1,0,0,0,0,0,0,0,0,1,0,0,0,0,0,0,0,0,0,0,0,1,1,1,1,1,0,1,1,1,1,1,1,0,0,1,0,0,1,0,0,0,1,1,1
f516dbdf49bd4668b3651b04e4fadbb4,alpha,2,05-09-16,38,63%,alpha2,75%,58%,57%,50%,1,1,1,1,1,0,1,0,1,1,1,1,0,1,1,1,1,1,1,0,0,0,1,1,1,1,1,1,1,0,1,1,0,0,0,0,1,1,0,1,0,1,1,0,0,1,1,1,0,0,1,0,0,1,0,0,0,1,1,1
d34c6e8a7a0643b88752397c4793a47f,alpha,2,05-09-16,20,33%,alpha2,54%,17%,21%,20%,1,1,1,1,0,1,1,0,1,0,1,0,1,0,1,1,1,1,0,0,0,0,0,0,1,0,0,1,0,0,0,0,0,0,0,0,1,1,0,0,0,0,0,0,0,1,0,0,0,0,0,0,0,0,0,0,0,0,1,1
87f7256c118842d9ae62ea0dae8ac7f0,alpha,1,26-09-16,26,43%,alpha1,50%,58%,14%,50%,1,1,1,1,1,0,0,0,1,0,1,1,0,1,0,1,1,0,1,0,0,0,0,0,1,0,0,1,1,1,1,1,1,0,0,0,1,0,0,0,0,0,0,0,0,1,0,0,0,0,0,1,0,0,1,0,1,0,1,1
0d58593603ba4753a5b9e1fea0518a1e,alpha,3,26-09-16,52,87%,alpha3,100%,67%,79%,90%,1,1,1,1,1,1,1,1,1,1,1,1,1,1,1,1,1,1,1,1,1,1,1,1,0,1,1,1,1,1,1,0,0,0,1,1,1,1,1,1,1,1,1,1,0,1,0,1,0,1,1,1,1,0,1,1,1,1,1,1
0ee7dee70b86445a809df16bcf4ebfbd,alpha,2,26-09-16,29,48%,alpha2,58%,58%,36%,30%,1,1,0,1,0,1,0,1,0,0,1,0,0,0,0,1,1,1,1,1,1,1,0,1,1,1,0,1,1,1,1,1,0,0,0,0,0,0,0,1,0,0,1,1,0,0,0,1,0,1,0,0,0,0,0,0,0,1,1,1
846f10ffd4034a9d94ffb51192abb9cb,alpha,2,26-09-16,35,58%,alpha2,79%,42%,36%,60%,1,1,1,1,1,1,0,1,1,1,1,1,1,1,1,1,1,1,1,1,0,0,0,0,1,0,0,1,0,1,1,1,0,0,0,0,1,1,0,0,0,1,1,0,0,0,0,1,0,0,1,1,0,1,0,0,0,1,1,1
7d9ecae94efb4392b2fd6f587b1479e8,alpha,3,26-09-16,40,67%,alpha3,88%,50%,50%,60%,1,1,1,1,1,1,1,1,1,1,1,1,1,1,0,1,1,0,1,1,0,1,1,1,1,1,0,1,1,1,1,0,0,0,0,0,1,1,0,0,1,0,1,0,0,1,0,1,0,1,1,1,0,0,0,1,1,1,1,0
d882ab4a17ec4eaba77653133898504e,alpha,2,26-09-16,36,60%,alpha2,75%,58%,36%,60%,1,1,1,1,0,1,1,1,1,1,1,1,1,1,1,1,1,1,1,0,0,0,0,0,1,1,1,0,1,0,1,1,1,0,0,0,1,1,0,1,0,0,0,1,1,0,0,0,0,0,1,1,0,1,1,0,0,1,1,0
e90fa961cb9f419b8ffe9c7d187857c1,alpha,2,06-09-16,23,38%,alpha2,54%,33%,21%,30%,1,1,1,1,1,0,1,0,1,0,1,1,0,1,0,1,1,1,0,0,0,0,0,0,0,0,0,0,1,1,1,1,0,0,0,0,0,0,0,1,0,1,1,0,0,0,0,0,0,0,0,0,0,0,0,0,0,1,1,1
0db4c65b95314b22989468e8fbda6cec,alpha,3,26-09-16,43,72%,alpha3,92%,58%,71%,40%,1,1,1,1,1,1,1,1,1,1,1,1,1,1,0,1,1,0,1,1,1,1,1,1,1,1,1,1,1,1,1,0,0,0,0,0,1,1,0,1,1,1,1,0,0,1,1,1,0,1,1,0,0,0,0,0,1,1,1,0
56eb235cd6c74dd59b39a89a7baccbb9,alpha,2,26-09-16,30,50%,alpha1,67%,25%,43%,50%,1,1,0,1,1,1,0,1,0,0,1,0,0,1,1,1,1,1,1,0,1,1,0,1,1,0,0,1,0,0,1,0,0,0,0,0,1,0,0,0,0,0,1,0,0,1,1,1,0,1,0,1,0,0,0,0,1,1,1,1
1fc94f069c8440cbb3776d6c21890671,alpha,3,09-09-16,55,92%,alpha3,96%,83%,93%,90%,1,1,1,1,1,1,1,1,1,1,1,1,1,1,1,1,1,1,1,1,1,1,0,1,1,1,1,1,1,1,1,1,1,0,1,0,1,1,1,1,1,1,1,1,1,1,1,1,0,1,1,1,1,1,0,1,1,1,1,1
19fc84e0a677414db8897914c007602b,alpha,2,26-09-16,25,42%,alpha2,33%,33%,57%,50%,1,1,0,1,1,0,0,1,0,0,1,0,0,0,0,1,0,0,1,0,0,0,0,0,1,0,0,1,0,0,1,1,0,0,0,0,1,1,0,1,1,1,1,0,0,0,0,1,0,1,1,0,0,0,1,0,0,1,1,1
62f572f9c7c24a0dbaf33602dd69631e,alpha,2,05-09-16,24,40%,alpha2,67%,33%,14%,20%,0,0,1,1,1,1,1,1,1,1,1,0,0,1,0,1,1,1,1,0,0,1,1,0,1,0,0,0,0,0,1,1,1,0,0,0,0,1,0,0,0,0,0,0,0,0,0,1,0,0,0,0,0,0,0,0,0,0,1,1
1c0123ce297b4e2f9083cc31bc8bad66,alpha,2,26-09-16,29,48%,alpha2,54%,42%,43%,50%,0,1,1,1,1,1,1,1,1,0,1,1,0,0,1,1,0,0,1,0,0,0,0,0,0,1,0,1,0,0,1,1,1,0,0,0,1,1,0,1,0,1,1,0,0,0,0,0,0,1,1,0,0,1,0,0,0,1,1,1
fe7d02582bc34823ba571d906e0a93b5,alpha,2,08-09-16,29,48%,alpha2,54%,67%,36%,30%,1,1,1,1,1,1,0,0,1,0,1,0,0,1,0,1,1,1,1,0,0,0,0,0,1,0,0,1,0,1,1,1,1,0,1,1,1,1,1,0,1,0,0,1,0,0,0,0,0,0,0,0,0,0,0,0,0,1,1,1
6d3e85ff37b24ba7b9a2267a8c96bcaa,alpha,2,08-09-16,27,45%,alpha2,54%,58%,21%,40%,1,1,1,1,1,1,1,1,1,0,0,0,0,0,0,1,1,1,1,0,0,0,0,0,1,1,1,0,0,1,1,1,1,0,0,0,1,1,0,0,0,1,0,0,0,0,0,0,0,0,1,0,0,0,0,0,0,1,1,1
473480a27af44663abc4ecae7e0213e3,alpha,2,08-09-16,30,50%,alpha2,63%,67%,14%,50%,1,1,1,1,1,1,1,0,1,0,1,1,0,0,1,1,1,1,1,0,0,0,0,0,1,1,0,0,0,1,1,1,1,0,1,1,1,0,0,0,0,0,1,0,0,0,0,0,0,0,1,1,0,0,1,0,0,0,1,1
ad2f0df141c84050b4fc3f02ba2f7f22,alpha,2,05-09-16,36,60%,alpha2,71%,42%,57%,60%,1,1,1,1,1,1,0,1,1,1,1,1,0,1,1,1,1,1,1,0,0,0,0,0,1,1,0,0,0,0,1,1,1,0,0,0,1,1,1,1,0,1,1,0,0,0,0,1,0,1,1,1,0,1,0,0,0,1,1,1
0a1fa441e38f42d7ac72551abc4566aa,alpha,2,01-09-16,32,53%,alpha2,71%,33%,50%,40%,1,1,1,0,1,1,1,1,1,0,1,1,0,1,1,1,1,1,1,1,0,0,0,0,1,0,0,0,0,0,1,0,1,0,1,0,1,1,0,1,1,1,1,0,0,0,1,0,0,0,0,0,0,0,0,0,1,1,1,1
b7c5c24fa5cb4eb69c35143c6160b71a,alpha,2,02-09-16,27,45%,alpha2,63%,33%,36%,30%,1,1,1,1,1,1,1,0,1,0,1,1,0,0,1,1,1,1,1,0,0,0,0,0,1,0,0,1,0,0,0,1,1,0,0,0,1,1,0,0,0,1,1,0,1,0,0,0,0,0,0,0,1,0,0,0,0,0,1,1
0e50f0da6fdd4a5e8a73ac328b61b138,alpha,2,06-09-16,34,57%,alpha2,75%,50%,36%,50%,1,1,1,1,1,1,1,1,1,1,1,1,1,1,1,0,0,0,1,1,1,0,0,0,1,0,0,1,0,1,1,1,1,0,0,0,1,1,0,1,0,1,1,0,0,0,0,0,0,0,1,0,0,1,0,0,0,1,1,1
afc79dd03e704e9aa5abdadef188aa7f,alpha,2,06-09-16,33,55%,alpha2,71%,42%,43%,50%,1,1,1,1,1,1,1,1,1,1,0,1,0,1,1,1,1,1,1,0,0,0,0,0,1,0,0,1,0,0,1,0,1,0,0,1,1,1,0,1,0,1,1,0,0,0,1,0,0,0,1,0,0,0,0,1,0,1,1,1
d3c6652bdfe240baa07d22525a38f1a3,alpha,2,06-09-16,32,53%,alpha2,63%,58%,43%,40%,1,1,0,1,1,1,1,0,1,1,1,1,0,1,1,1,1,0,1,0,0,0,0,0,1,1,0,1,0,1,1,1,1,0,0,0,1,1,0,1,0,1,1,0,0,0,1,0,0,0,1,0,0,0,0,0,0,1,1,1
d010c69659aa4068862a79227073bcb3,alpha,2,06-09-16,40,67%,alpha2,88%,67%,36%,60%,1,1,1,1,1,1,1,0,1,1,1,1,1,1,1,1,1,1,1,0,0,1,1,1,1,1,0,1,1,1,1,1,1,0,0,0,1,1,0,0,0,0,0,0,1,0,0,1,0,1,0,0,0,1,1,0,1,1,1,1
402ff7c995f14ce1996d4752fc2fea75,alpha,2,06-09-16,37,62%,alpha2,75%,67%,43%,50%,1,1,1,1,1,1,0,1,1,0,1,1,1,1,1,1,1,1,1,0,0,0,0,1,1,0,1,1,1,1,1,1,1,0,0,0,1,1,0,1,0,0,0,0,1,0,1,1,0,0,0,0,0,1,1,0,0,1,1,1
a6c94997ee884cb495cab1b5f3756c93,alpha,1,06-09-16,29,48%,alpha1,79%,58%,7%,20%,1,1,1,1,1,1,1,1,1,1,1,1,1,1,1,1,1,0,1,0,0,0,1,0,1,1,0,1,1,1,0,1,1,0,0,0,1,0,0,0,0,0,0,0,0,0,0,0,0,0,0,0,0,0,0,0,0,0,1,1
2e8721f1e79340878e4563f79a209344,alpha,2,06-09-16,29,48%,alpha2,58%,42%,36%,50%,1,1,1,1,1,1,1,0,1,1,1,1,0,1,0,0,0,1,1,0,0,0,0,0,0,0,0,1,0,1,1,1,1,0,0,0,1,1,0,1,0,0,1,0,0,0,0,1,0,0,0,0,0,1,0,1,0,1,1,1
e730c0418f43487b82f7da718d76f542,alpha,2,06-09-16,28,47%,alpha2,63%,33%,29%,50%,1,1,1,1,1,1,1,0,1,0,1,1,0,1,1,1,1,1,0,0,0,0,0,0,1,0,0,0,0,1,1,0,1,0,0,0,1,0,0,1,0,1,1,0,0,0,0,0,0,0,1,0,0,0,1,0,0,1,1,1
3d17942c8bb1462c8df2c40132cfe66b,alpha,2,06-09-16,38,63%,alpha2,71%,75%,43%,60%,1,1,1,1,1,1,1,1,1,0,1,1,0,1,1,1,1,1,1,0,0,0,0,0,1,1,1,1,1,1,1,1,0,0,1,0,1,1,0,0,0,1,1,0,1,0,0,1,0,0,0,0,0,1,1,0,1,1,1,1
a09b1210c33b4b3f950e431228c94b2d,alpha,2,06-09-16,34,57%,alpha2,67%,58%,43%,50%,1,1,1,1,1,1,1,0,1,0,1,1,0,1,1,1,1,1,0,1,0,0,0,0,1,0,0,1,1,1,1,1,1,0,0,0,1,1,0,0,0,1,1,0,0,0,0,1,0,1,1,1,0,0,1,0,0,0,1,1
6293c04adcfc430eb6f49299777b93e9,alpha,2,06-09-16,21,35%,alpha2,63%,17%,14%,20%,1,1,1,1,1,1,1,1,1,0,0,1,1,1,0,1,0,1,1,0,0,0,0,0,1,0,0,0,0,0,1,0,0,0,0,0,1,1,0,0,0,0,0,0,0,0,0,0,0,0,0,0,0,0,0,0,0,0,1,1
b1f9abc92bda496a9e1832f3dada76b3,alpha,1,06-09-16,20,33%,alpha1,42%,33%,21%,30%,1,1,1,0,1,0,0,0,1,0,1,0,0,0,0,1,1,1,1,0,0,0,0,0,1,1,0,1,0,0,0,0,1,0,0,0,1,0,0,1,0,0,0,0,0,0,0,1,0,0,0,0,0,0,0,0,1,0,1,1
45d0aac011004e4f8554547a8f713e30,alpha,2,06-09-16,35,58%,alpha2,67%,67%,50%,40%,1,1,1,0,1,1,1,0,1,1,1,0,0,1,0,1,1,1,1,0,0,1,1,0,1,1,1,1,1,1,1,1,0,0,0,0,1,1,1,0,1,1,1,0,0,0,0,0,0,1,0,0,0,0,1,0,0,1,1,1
5c529367cb3142c2888200dad5203200,alpha,2,06-09-16,27,45%,alpha2,58%,50%,29%,30%,1,1,1,1,1,0,1,1,1,0,1,1,0,0,0,1,1,1,1,0,0,0,0,0,1,0,0,1,1,0,1,1,1,0,0,0,1,0,0,1,0,1,1,0,0,0,0,0,0,0,1,0,0,0,1,0,0,0,1,0
849616b6f85342959b7177633095ebd7,alpha,2,02-09-16,32,53%,alpha2,79%,33%,29%,50%,1,1,1,1,1,1,1,1,1,1,1,1,1,1,1,1,1,1,1,0,0,0,0,0,1,0,0,1,0,0,1,0,1,0,0,0,1,1,0,0,0,0,0,0,0,0,0,1,0,1,1,0,0,1,0,0,0,1,1,1
c5cdb5a657a64605b5077a2d60f89cef,alpha,2,07-09-16,24,40%,alpha2,42%,42%,36%,40%,1,1,1,1,1,0,0,0,1,0,1,0,0,1,0,1,0,0,1,0,0,0,0,0,1,0,0,1,0,0,1,1,1,0,0,0,1,1,0,0,0,0,1,0,1,0,0,1,0,0,0,1,0,0,1,0,0,0,1,1
adc9954496a24bb5a5040257de025e85,alpha,2,14-09-16,42,70%,alpha2,88%,75%,57%,40%,1,1,1,1,1,1,1,1,1,0,1,1,1,1,1,1,1,1,1,0,0,1,1,1,1,1,1,1,1,1,1,1,1,0,0,0,1,1,0,0,1,1,1,0,1,1,0,1,0,0,1,0,0,0,0,0,0,1,1,1
acc714b81d5b4e978b41a70c43c4bced,alpha,2,07-09-16,32,53%,alpha2,58%,42%,50%,60%,1,1,0,1,1,1,0,0,1,1,1,1,1,1,1,1,0,0,1,0,0,0,0,0,0,1,1,0,0,0,1,1,1,0,0,0,1,1,1,1,0,1,1,0,0,0,0,1,0,0,1,1,1,0,0,0,0,1,1,1
45fcb43d18d343b382a14686c218b222,alpha,2,14-09-16,46,77%,alpha2,88%,58%,79%,70%,1,1,0,1,1,0,1,1,1,1,1,1,1,1,1,1,1,1,1,1,1,1,1,0,1,1,0,0,0,0,1,1,1,0,1,1,1,1,1,1,0,1,1,1,0,1,1,1,0,1,1,0,0,1,1,0,1,1,1,1
181274f65525445bacc3eff6d846c4f6,alpha,2,14-09-16,38,63%,alpha2,83%,42%,64%,40%,1,1,1,0,1,1,1,1,1,1,1,1,1,0,0,1,1,1,1,1,0,1,1,1,1,0,0,0,0,1,1,1,1,0,0,0,1,1,0,1,0,1,1,0,0,1,1,1,0,1,0,0,0,0,0,0,1,1,1,1
306786c57ce14355b4bd84b7c9c1faaa,alpha,2,30-09-16,39,65%,alpha2,79%,67%,50%,50%,1,1,1,0,1,1,1,1,1,1,1,1,1,1,0,1,1,1,1,1,0,0,0,1,1,0,1,1,1,1,1,1,1,0,0,0,1,1,0,1,0,1,1,0,0,0,1,0,0,1,0,0,0,1,1,0,0,1,1,1
f748ee963d934ecb966b9f595f794489,alpha,1,07-09-16,27,45%,alpha1,71%,25%,43%,10%,1,1,1,0,1,1,1,0,1,1,1,1,1,1,1,1,1,1,1,0,0,0,0,0,1,0,0,0,0,1,0,0,1,0,0,0,1,0,1,1,0,0,0,0,0,1,1,1,0,0,0,0,0,0,0,0,0,0,1,0
b923b4d301f64b3594ee3bd3d095192f,alpha,2,07-09-16,34,57%,alpha2,71%,58%,43%,40%,1,1,1,1,1,1,1,0,1,1,1,0,1,1,1,1,1,1,1,0,0,0,0,0,1,1,0,1,0,1,1,1,1,0,0,0,1,1,0,1,1,0,1,0,0,0,0,1,0,0,1,0,0,0,0,0,0,1,1,1
f8c7185a3c234693a403d09c73bd8b5a,alpha,2,14-09-16,36,60%,alpha2,63%,67%,57%,50%,1,1,1,1,1,1,1,0,0,0,1,1,0,1,1,1,1,1,1,0,0,0,0,0,1,1,0,1,1,1,1,1,1,0,0,0,1,1,0,1,0,1,1,0,0,1,1,1,0,0,1,0,0,1,0,0,0,1,1,1
241b580fafa54a4f94d1251c2b8b61fd,alpha,1,14-09-16,29,48%,alpha1,58%,42%,43%,40%,1,1,1,1,1,1,0,0,0,0,1,1,0,1,1,1,0,1,1,0,0,1,0,0,1,1,0,0,0,0,0,1,1,0,1,0,1,0,0,0,1,1,1,0,0,0,1,1,0,0,0,0,0,0,1,0,0,1,1,1
00855a2465774deda66c0417e16c4a38,alpha,2,14-09-16,34,57%,alpha2,71%,67%,36%,40%,1,1,1,1,1,1,1,1,1,0,1,0,1,1,1,1,1,1,1,0,0,0,0,0,1,0,0,1,0,1,1,1,1,0,1,1,1,1,0,0,0,1,1,0,0,0,0,1,0,0,0,0,0,1,0,0,0,1,1,1
07e37ce1c2194302ab0e51857755e7e3,alpha,2,01-09-16,22,37%,alpha2,50%,25%,14%,50%,1,1,1,1,0,0,1,0,1,1,1,0,0,0,0,1,1,1,1,0,0,0,0,0,1,0,0,0,0,0,1,0,1,0,0,0,1,1,0,0,0,0,0,0,0,0,0,0,0,0,1,1,0,0,0,0,0,1,1,1
4acacf9fb94243d2931c9ca1ac0ece5f,alpha,2,14-09-16,29,48%,alpha2,67%,42%,29%,40%,1,0,1,1,1,1,1,1,1,0,1,1,0,1,1,1,1,1,1,0,0,0,0,0,1,0,0,1,0,1,0,1,1,0,0,0,1,1,0,0,0,1,0,0,0,0,0,1,0,0,0,0,0,0,0,0,1,1,1,1
e2424d9a5cf342e2ac8477252a5bbc91,alpha,1,28-09-16,36,60%,alpha1,79%,67%,36%,40%,1,1,1,1,1,1,1,1,1,1,1,1,1,0,1,1,1,1,0,0,0,0,1,1,1,1,0,1,1,1,1,1,1,0,0,0,1,0,0,0,0,1,1,0,0,1,0,1,0,0,0,1,0,0,1,0,0,0,1,1
6b0e0391fb6e466db0c41d46123e831f,alpha,1,14-09-16,27,45%,alpha1,67%,67%,7%,20%,1,1,1,1,1,1,1,1,0,0,1,1,0,1,1,1,1,1,1,0,0,0,0,0,1,0,1,1,1,1,1,1,1,0,0,0,1,0,0,0,0,0,0,0,0,0,0,0,0,0,0,0,0,0,0,0,0,0,1,1
98f71688c25141b7a4c7464c22d9df30,alpha,2,14-09-16,33,55%,alpha2,54%,83%,43%,40%,1,1,1,1,1,0,0,0,1,0,1,1,0,0,0,1,0,0,1,0,0,1,1,1,1,0,1,1,1,1,1,1,1,0,1,1,1,1,0,1,0,1,1,0,1,0,0,0,0,0,1,0,0,0,0,0,0,1,1,1
da479053006740ec89206457294b2f66,alpha,2,14-09-16,26,43%,alpha2,38%,42%,57%,40%,0,0,1,1,1,1,1,1,1,0,1,0,0,0,0,0,0,0,1,0,0,0,0,0,1,1,0,0,0,0,1,0,1,0,0,1,1,1,0,1,0,1,1,0,0,1,0,1,0,1,1,0,0,0,0,0,0,1,1,1
086e3a571b04427bb18c3d09163b4b58,alpha,2,08-09-16,32,53%,alpha2,54%,50%,50%,60%,1,1,1,1,1,1,1,0,1,0,1,1,1,0,0,0,0,1,1,0,0,0,0,0,0,1,1,1,1,0,1,0,1,0,0,0,1,1,0,0,0,1,1,1,0,0,0,1,0,1,1,1,0,0,1,1,0,1,1,0
b4bf669169ec45eda3eecac2b1221cfb,alpha,2,01-09-16,39,65%,alpha2,83%,58%,50%,50%,1,1,1,1,1,1,1,0,1,0,1,1,1,1,1,1,0,1,1,1,0,1,1,1,1,1,1,1,1,1,0,0,1,0,0,0,1,1,1,1,1,1,0,0,0,1,0,0,0,0,1,0,0,1,0,0,0,1,1,1
a6832a7ba86040b29c6049633dd9ad6c,alpha,2,01-09-16,39,65%,alpha2,71%,33%,64%,90%,1,1,1,1,1,1,1,1,1,1,1,0,1,1,1,0,1,1,1,0,0,0,0,0,0,0,0,1,0,0,1,1,1,0,0,0,1,1,0,0,0,1,1,0,1,1,1,1,0,1,1,1,0,1,1,1,1,1,1,1
e05e328559fb4266b47c2763cc386478,alpha,2,08-09-16,32,53%,alpha2,50%,75%,50%,40%,1,1,1,1,0,1,0,0,1,0,1,0,0,1,0,1,1,1,1,0,0,0,0,0,1,1,0,1,0,1,1,1,1,0,1,1,1,1,0,1,0,1,1,0,0,0,0,1,0,1,0,0,0,1,0,0,0,1,1,1
a0d5520c44ec4f50921e4ea41629aa46,alpha,2,01-09-16,25,42%,alpha2,58%,17%,43%,30%,1,1,1,1,1,1,0,0,1,1,1,1,0,0,0,1,1,1,1,0,0,0,0,0,1,0,0,0,0,1,0,0,0,0,0,0,1,1,1,0,0,0,1,0,1,0,0,1,0,0,0,0,0,0,0,0,0,1,1,1
5f3bd549bb484586a0d7eb217e28b908,alpha,2,08-09-16,40,67%,alpha2,79%,50%,64%,60%,1,1,1,1,1,1,1,0,1,1,1,1,1,1,1,1,1,1,1,1,0,0,0,0,1,1,0,0,0,1,1,1,1,0,0,0,1,1,1,0,0,1,1,0,0,1,1,1,0,1,1,0,0,1,1,0,0,1,1,1
2dc027f25cb343e890f2b2821c5c565a,alpha,2,08-09-16,40,67%,alpha2,75%,50%,64%,70%,1,1,1,1,1,1,1,1,1,0,1,1,1,1,1,1,0,1,1,0,0,0,0,1,1,1,0,1,1,0,1,1,0,0,0,0,1,1,0,1,1,1,1,0,0,1,0,1,0,1,1,1,0,1,1,0,0,1,1,1
4761648e80a6420d84057032a996b089,alpha,2,08-09-16,33,55%,alpha2,67%,42%,50%,50%,1,1,1,1,1,1,1,0,1,0,1,1,1,1,1,1,0,0,1,0,0,0,0,1,0,0,0,1,0,1,1,1,1,0,0,0,1,1,0,1,0,1,1,0,0,0,0,1,0,1,1,0,0,0,1,0,0,1,1,1
34245e15758d4cfd83d753a24fdf4b55,alpha,2,08-09-16,20,33%,alpha2,54%,17%,21%,20%,0,1,1,1,1,1,1,0,1,1,1,1,1,1,0,0,0,0,1,0,0,0,0,0,0,0,0,0,0,0,0,0,0,1,1,0,0,0,0,0,1,0,1,0,0,0,0,1,0,0,0,0,0,0,0,0,0,0,1,1
f5613ffac94c4a108512e503615235f8,alpha,2,08-09-16,31,52%,alpha2,67%,42%,29%,60%,1,1,1,1,1,1,1,0,1,0,1,1,0,1,1,1,0,1,1,1,0,0,0,0,0,0,0,1,0,0,1,1,1,0,1,0,1,1,0,0,0,1,1,0,0,0,0,0,0,0,1,1,1,0,1,0,0,0,1,1
97d5a276676b4f56aa1f9c05e6522e17,alpha,2,08-09-16,31,52%,alpha2,63%,33%,36%,70%,1,1,1,1,1,1,0,0,1,0,1,1,1,1,1,0,1,1,1,0,0,0,0,0,0,0,0,0,0,0,1,1,1,0,1,0,1,1,0,0,0,1,1,0,0,0,0,0,0,1,1,1,1,0,0,0,1,1,1,1
6146e2b53ece44c9bca602c2d6a5a10a,alpha,2,08-09-16,29,48%,alpha2,67%,33%,36%,40%,1,1,1,0,1,0,1,0,1,1,1,0,0,1,1,1,1,1,1,1,1,0,0,0,1,0,0,0,0,0,1,1,1,0,0,0,1,1,0,1,0,1,0,0,0,0,0,1,0,0,1,0,0,0,0,0,0,1,1,1
aae9223380774c81ac582082d11113ea,alpha,2,08-09-16,38,63%,alpha2,71%,67%,64%,40%,1,1,1,1,1,1,0,1,1,0,1,1,1,1,1,1,1,1,1,0,0,0,0,0,1,1,1,0,1,1,1,1,1,0,0,0,1,1,1,1,0,1,1,0,1,0,0,1,0,1,1,1,0,0,0,0,0,0,1,1
6ae507d36d4b404ca812be03b7f67487,alpha,2,05-09-16,43,72%,alpha2,79%,92%,57%,50%,1,1,1,1,1,1,1,1,1,1,1,1,0,1,1,0,1,0,1,0,0,1,1,1,1,1,1,1,1,1,1,1,1,0,1,1,1,1,0,0,1,0,0,1,1,0,1,1,0,1,1,0,1,0,0,0,0,1,1,1
11bfbfcd047b4e7991e218e4ff531209,alpha,2,01-09-16,40,67%,alpha2,63%,67%,64%,80%,1,1,1,1,1,0,1,1,1,0,1,0,1,1,1,1,0,1,1,0,0,0,0,0,1,1,0,0,0,1,1,1,1,0,1,1,1,1,1,1,1,1,1,1,0,0,1,0,0,0,1,1,0,0,1,1,1,1,1,1
5086987b2ecd4cc2aa5e13514a7a8d6c,alpha,2,08-09-16,24,40%,alpha2,58%,25%,21%,40%,1,0,1,1,1,1,1,0,1,0,1,0,1,0,1,1,1,1,1,0,0,0,0,0,1,0,0,0,0,0,0,1,1,0,0,0,1,1,0,0,0,0,1,0,0,0,0,0,0,0,1,0,1,0,0,0,0,0,1,1
33d5f3f0a0f2451d8f637b81eedc8562,alpha,2,01-09-16,46,77%,alpha2,92%,50%,86%,60%,1,1,1,1,1,1,1,1,1,1,1,1,1,1,1,1,1,1,1,0,0,1,1,1,1,1,1,0,0,1,1,0,1,0,0,0,1,1,1,0,1,1,1,1,1,1,1,1,0,1,0,1,1,0,1,1,0,0,1,1
eefff3828a8849f28c875d94dc4184e0,alpha,2,01-09-16,48,80%,alpha2,79%,58%,93%,90%,1,1,1,1,1,1,1,0,1,0,1,1,1,1,1,1,1,1,1,1,1,0,0,0,1,0,0,1,1,1,1,1,1,0,0,0,1,1,1,1,1,1,1,1,1,1,1,1,0,1,1,1,1,1,0,1,1,1,1,1
efd6a1f1f788462595084875ee13a21f,alpha,2,08-09-16,39,65%,alpha2,71%,75%,50%,60%,1,1,1,1,1,1,0,1,1,0,1,1,1,1,1,1,1,1,1,0,0,0,0,0,1,1,1,1,1,1,1,1,1,0,0,0,1,1,0,1,0,1,1,0,1,0,0,1,0,0,1,1,0,0,0,1,0,1,1,1
dade268cb03643038689e9fd3871ef60,alpha,2,08-09-16,25,42%,alpha2,71%,17%,29%,20%,1,1,1,1,1,1,1,1,1,0,1,1,1,1,1,1,0,1,1,0,0,0,0,0,1,0,0,0,0,0,1,0,0,0,0,0,1,1,0,1,0,0,0,0,0,1,0,0,0,0,0,0,0,0,0,0,0,0,1,1
1987007c2a7c476da8560386e507ce3c,alpha,2,08-09-16,29,48%,alpha2,67%,42%,29%,40%,1,1,1,1,1,1,1,0,1,0,1,1,0,1,1,1,0,1,1,1,0,0,0,0,0,1,0,0,0,0,1,1,1,0,1,0,1,1,0,0,0,1,1,0,0,0,0,0,0,0,1,0,0,0,1,0,0,0,1,1
98d0239df2314dd5b67902d161d07251,alpha,2,08-09-16,27,45%,alpha2,75%,42%,14%,20%,1,1,1,1,1,1,1,0,1,0,1,1,1,1,1,1,1,1,1,0,0,0,0,1,1,0,0,0,0,1,1,1,1,0,0,0,1,1,0,0,0,0,0,0,0,0,0,0,0,0,0,0,0,0,0,0,0,0,1,1
481c6585f21642c9ad88fe34561b2c87,alpha,2,01-09-16,41,68%,alpha2,92%,50%,64%,40%,1,1,1,1,1,1,1,1,1,0,1,1,1,1,1,1,1,1,1,1,1,1,0,1,1,1,0,0,1,0,1,1,1,0,0,0,1,1,1,1,1,1,1,1,0,0,1,0,0,0,1,0,0,0,0,0,0,1,1,1
183a65e5899e441583116c5740b06493,alpha,2,08-09-16,35,58%,alpha2,75%,42%,36%,70%,1,1,1,1,1,1,1,1,1,1,1,0,1,1,1,1,1,1,1,0,0,0,0,0,1,0,0,0,1,0,1,1,1,0,0,0,1,1,0,1,0,1,1,0,0,0,0,0,0,0,1,1,0,1,1,0,0,1,1,1
11cf77234fc94f06b67f2230bd5da4ec,alpha,2,08-09-16,30,50%,alpha2,75%,33%,29%,40%,1,1,1,1,1,1,1,1,1,0,1,1,1,1,1,1,1,1,1,0,0,0,0,0,1,0,0,1,0,0,1,1,0,0,0,0,1,1,0,0,0,1,0,0,0,0,0,1,0,0,1,1,0,0,0,0,0,0,1,1
d06e39acbe2f4e5fa99bf150176a9a42,alpha,2,01-09-16,24,40%,alpha2,63%,42%,7%,30%,1,1,1,1,1,1,1,0,1,0,1,1,0,1,0,1,1,1,1,0,0,0,0,0,1,1,0,0,0,0,1,1,1,0,0,0,1,0,0,0,0,0,0,0,0,0,0,0,0,0,0,0,0,0,0,0,0,1,1,1
1a9828e5ac21406ca87e662b44b7b5f4,alpha,2,01-09-16,38,63%,alpha2,63%,75%,71%,40%,1,1,1,1,0,1,0,1,1,0,1,1,1,1,0,0,0,1,1,1,1,0,0,0,1,1,0,1,1,1,1,1,1,0,1,0,1,1,0,1,0,1,1,1,0,1,1,1,0,1,0,1,0,0,1,0,0,0,1,1
f8173afc1ac64acb95fa6b3aa6c68b6b,alpha,2,01-09-16,25,42%,alpha2,63%,42%,0%,50%,1,1,1,1,1,1,1,0,1,1,1,1,0,1,1,1,0,1,0,0,0,0,0,0,1,1,0,0,0,0,1,1,1,0,0,0,0,0,0,0,0,0,0,0,0,0,0,0,0,0,1,1,0,0,1,0,0,0,1,1
9c9d015e992748bba978d2e713e97432,alpha,2,02-09-16,42,70%,alpha2,67%,92%,64%,60%,1,1,1,1,0,1,1,0,1,0,1,1,1,1,0,1,1,1,1,0,0,1,0,0,1,1,1,1,1,1,1,1,1,0,1,1,1,1,0,0,1,1,1,0,1,0,1,1,0,1,1,0,1,0,0,0,1,1,1,1
090589114a3a4f7f9f9f9c3389b74814,alpha,2,01-09-16,35,58%,alpha2,58%,83%,36%,60%,1,1,1,1,1,1,1,0,1,0,1,0,1,1,1,1,0,0,1,0,0,0,0,0,1,1,0,1,1,1,1,1,1,0,1,1,1,1,0,0,0,1,1,0,0,1,0,0,0,0,0,1,0,0,0,1,1,1,1,1
5cc33e1d938443e3ac701d8194b5961d,alpha,2,02-09-16,44,73%,alpha2,92%,58%,71%,50%,1,1,1,1,1,1,1,0,1,1,1,1,1,1,1,1,1,1,0,1,1,1,1,1,1,1,0,1,0,1,1,0,1,0,1,0,1,1,0,0,1,1,1,0,1,1,1,1,0,1,0,0,0,1,1,1,0,0,1,1
24017d2529e141e5b4beca263ad20af9,alpha,2,09-09-16,37,62%,alpha2,71%,67%,57%,40%,1,1,1,1,1,0,1,1,1,0,1,1,1,1,1,1,1,1,1,0,0,0,0,0,1,1,0,1,1,1,1,1,1,0,0,0,1,1,1,1,0,0,1,0,1,0,1,1,0,0,0,1,0,0,0,0,1,0,1,1
ee19a40172da4c83aa84495f02fe90f5,alpha,2,23-09-16,47,78%,alpha2,88%,75%,71%,70%,1,1,1,1,1,1,1,1,1,0,1,1,1,1,1,1,1,1,1,1,1,0,0,1,1,1,0,1,1,1,1,1,0,0,1,1,1,1,1,1,1,1,1,1,1,0,0,0,0,1,1,1,1,0,0,0,1,1,1,1
59372000fc7f43d8ab4c572d70d000ed,alpha,2,02-09-16,29,48%,alpha2,71%,50%,29%,20%,1,1,1,1,1,1,1,0,1,1,1,1,1,1,0,1,1,1,1,0,0,0,0,0,1,0,0,1,0,1,1,1,1,0,0,0,0,0,0,1,0,0,0,0,1,1,0,1,0,0,0,0,0,0,0,0,0,0,1,1
a61321d0f85c496c94df478dc40cb1fc,alpha,2,09-09-16,41,68%,alpha2,83%,75%,50%,50%,1,1,1,1,1,1,1,1,1,1,1,1,1,1,1,0,1,1,1,1,0,0,0,1,1,0,0,1,1,1,1,1,1,0,1,1,1,0,0,0,1,1,1,0,1,1,0,0,0,1,0,1,1,0,0,0,0,1,1,1
a7424b978f084f5d889c198b7ca87e4a,alpha,2,09-09-16,26,43%,alpha2,58%,17%,43%,40%,1,1,1,0,1,1,1,0,0,1,1,1,0,1,0,1,1,1,1,0,0,0,0,0,1,0,0,0,0,0,1,0,0,0,0,0,1,1,0,0,0,1,1,0,0,1,0,1,0,0,1,0,0,0,0,0,0,1,1,1
dcf9d594beb3405ba6d24f6dc6b78cd8,alpha,2,02-09-16,46,77%,alpha2,100%,75%,57%,50%,1,1,1,1,1,1,1,1,1,1,1,1,1,1,1,1,1,1,1,1,1,1,1,1,1,1,0,1,1,1,1,1,1,0,0,1,1,1,1,0,0,0,1,0,1,1,1,1,0,0,0,1,0,0,1,0,0,1,1,1
dc0d65bc876f4f039e46fc8acb1f3a75,alpha,1,23-09-16,32,53%,alpha1,71%,50%,14%,70%,1,1,1,1,1,1,1,1,0,1,1,1,1,1,1,1,0,1,1,0,0,0,0,0,1,1,1,0,0,1,0,1,1,0,0,0,1,0,0,0,0,0,1,0,0,0,0,0,0,0,0,1,0,0,1,1,1,1,1,1
1c232d4e332c4e78aa718d445f66af57,alpha,2,09-09-16,33,55%,alpha2,75%,25%,50%,50%,1,1,1,1,1,1,1,0,1,0,1,1,0,1,1,1,1,1,1,1,0,0,0,1,0,0,0,1,0,0,1,0,0,0,0,1,0,0,0,1,1,1,0,1,1,0,1,1,0,0,1,0,0,0,0,1,1,0,1,1
597693c02d4044f8892eeda2a43264da,alpha,2,02-09-16,53,88%,alpha2,100%,75%,93%,70%,1,1,1,1,1,1,1,1,1,1,1,1,1,1,1,1,1,1,1,1,1,1,1,1,1,1,0,1,1,1,1,0,1,0,1,1,1,1,1,1,1,1,1,1,1,1,1,1,0,1,1,1,1,0,0,0,1,1,1,1
147a0e982b7a415596cf60de3f5d88f8,alpha,1,23-09-16,39,65%,alpha1,75%,92%,50%,30%,1,1,1,1,1,1,1,1,1,0,1,0,0,1,1,1,0,1,1,1,1,1,0,0,1,1,1,1,1,1,1,1,1,0,1,1,1,0,0,1,1,0,1,1,1,1,0,0,0,0,0,1,0,0,0,0,0,0,1,1
e3d4bf9bc4584260bbd6c061b205d210,alpha,2,09-09-16,44,73%,alpha2,92%,83%,57%,40%,1,1,1,0,1,1,1,1,1,0,1,1,1,1,1,1,1,1,1,1,1,1,1,1,1,1,1,1,1,1,1,1,0,0,1,1,1,1,1,1,0,1,1,0,0,0,1,0,0,1,1,1,0,0,0,0,0,0,1,1
2f33e9512be2494b9c877746cca0cc1a,alpha,2,09-09-16,37,62%,alpha2,75%,50%,57%,50%,1,1,1,1,1,1,1,0,1,0,1,1,1,1,1,1,1,1,1,0,0,0,0,1,1,0,0,1,0,1,1,1,1,0,0,0,1,1,0,1,0,1,1,0,1,0,1,1,0,0,1,1,0,0,1,0,0,0,1,1
864360a10a384323a763bda2e73c1fc9,alpha,2,23-09-16,43,72%,alpha2,79%,58%,79%,60%,1,1,1,1,1,1,1,1,1,0,1,1,1,1,1,1,1,1,1,0,0,0,0,1,1,1,0,1,0,1,1,1,0,0,1,0,1,1,0,1,1,1,1,1,1,0,1,1,0,1,0,1,0,1,0,0,1,1,1,1
8f78649db0164462b3b688f144c4d32e,alpha,2,09-09-16,38,63%,alpha2,58%,33%,79%,90%,1,1,1,1,1,0,1,1,1,0,1,1,0,0,0,1,1,1,1,0,0,0,0,0,1,0,0,0,0,0,1,1,1,0,0,0,1,1,0,1,1,1,1,1,1,1,1,1,0,0,1,1,0,1,1,1,1,1,1,1
c53ffd6d8916469a9c42dc736ca591cc,alpha,2,02-09-16,54,90%,alpha2,92%,92%,93%,80%,1,1,1,1,1,1,1,1,1,0,1,1,1,1,1,1,1,1,1,1,0,1,1,1,1,1,1,1,1,1,1,1,1,0,1,1,1,1,1,1,1,1,1,1,1,1,1,1,0,1,1,0,0,1,1,1,1,1,1,1
735d7e7c8e354078b64b372336ef6256,alpha,2,23-09-16,40,67%,alpha2,75%,67%,64%,50%,1,1,1,1,1,1,1,1,1,0,1,1,1,0,1,1,1,1,1,0,0,0,0,1,1,1,0,1,0,1,1,1,0,0,1,1,1,1,0,1,1,1,1,1,0,0,1,1,0,0,1,0,0,1,0,0,1,0,1,1
9b4d25405f07452882ac1bb306b85f9c,alpha,2,09-09-16,37,62%,alpha2,71%,42%,50%,80%,1,1,1,1,1,1,1,0,1,0,1,1,1,1,0,1,1,1,1,0,0,0,0,1,0,1,1,0,0,0,1,1,1,0,0,0,1,1,1,0,0,0,1,0,1,0,1,1,0,0,1,1,0,0,1,1,1,1,1,1
e43ddfd68bad46a0ba80bf56e9566dd2,alpha,2,02-09-16,46,77%,alpha2,88%,75%,57%,80%,1,1,1,1,0,1,1,1,1,1,1,1,1,1,0,1,1,1,1,1,1,0,1,1,1,1,1,1,1,0,1,1,1,0,1,0,1,1,0,1,1,1,1,0,0,0,1,1,0,0,1,1,1,1,0,0,1,1,1,1
050cab722c83423bb7767d007d5f6b58,alpha,2,02-09-16,39,65%,alpha2,79%,67%,43%,60%,1,1,1,1,1,1,1,0,1,0,1,0,0,1,1,1,0,1,1,1,1,1,1,1,1,1,0,1,1,1,1,1,1,0,0,0,1,1,0,0,0,1,1,0,0,0,0,1,0,1,1,0,1,0,0,0,1,1,1,1
0b5a801f529d49b0af804b9b3826503e,alpha,2,09-09-16,35,58%,alpha2,67%,75%,43%,40%,1,1,1,1,1,1,1,0,1,0,1,1,1,0,1,1,1,1,1,0,0,0,0,0,1,1,1,1,1,1,1,1,1,0,0,0,1,1,1,0,1,0,1,0,0,1,0,0,0,0,1,0,0,0,0,1,0,0,1,1
dc1c8a88854d43ca9dcdea5e55ca812d,alpha,2,02-09-16,48,80%,alpha2,96%,92%,64%,50%,1,1,1,1,1,1,1,1,1,1,1,1,1,1,1,1,1,1,1,1,0,1,1,1,1,1,1,1,1,1,1,1,1,0,1,1,1,1,0,1,0,1,1,0,1,0,1,1,0,1,1,0,0,1,1,0,0,1,1,0
47e47a1bb2784b568443da14b98fa64b,alpha,2,09-09-16,45,75%,alpha2,92%,92%,50%,50%,1,1,1,1,1,1,1,1,1,1,1,1,1,1,1,1,1,1,1,0,0,1,1,1,1,1,1,1,1,1,1,1,1,0,1,1,1,1,0,1,1,1,1,0,0,0,0,1,0,0,1,1,0,0,0,0,0,1,1,1
8fe6e47377b049148595b9148a142ef9,alpha,2,02-09-16,36,60%,alpha2,63%,75%,50%,50%,1,1,1,0,1,1,1,1,1,0,1,1,0,1,0,1,1,1,1,0,0,0,0,0,1,1,0,0,1,1,1,1,1,0,1,1,1,1,0,1,1,1,1,0,0,0,0,1,0,0,0,1,0,0,1,0,0,1,1,1
5625facd17a64b7a803be7aaf0ea43d7,alpha,2,09-09-16,29,48%,alpha2,63%,42%,36%,40%,1,1,1,1,1,0,1,0,1,0,1,1,0,1,1,1,1,1,1,0,0,0,0,0,1,1,0,0,1,0,0,1,1,0,0,0,1,1,1,1,0,0,1,0,0,0,0,0,0,0,1,0,0,0,0,0,0,1,1,1
28697d296b054ba3a292bbdc0fe79dd8,alpha,2,02-09-16,54,90%,alpha2,92%,92%,86%,90%,1,1,1,1,1,1,1,1,1,1,1,1,1,1,1,1,1,1,1,1,0,0,1,1,1,1,1,1,1,1,1,1,1,0,1,1,1,1,1,1,1,1,1,1,1,1,1,1,0,0,1,1,1,1,0,1,1,1,1,1
0d99d5b00d864c8eb33e7d0ce6c57edb,alpha,2,09-09-16,45,75%,alpha2,71%,75%,79%,80%,1,1,1,1,1,0,1,1,1,1,1,1,1,0,0,1,1,1,1,0,0,0,0,1,1,1,1,1,0,1,1,1,0,0,1,1,1,1,1,1,1,1,1,1,1,0,1,1,0,0,1,1,0,1,1,1,0,1,1,1
ecac0f2734ba4e29bbf6b21057d144b3,alpha,2,09-09-16,38,63%,alpha2,67%,50%,57%,80%,1,1,1,1,1,1,1,1,1,1,1,0,1,1,0,1,0,0,1,0,0,0,0,1,1,1,1,0,1,0,1,0,1,0,0,0,1,1,0,0,1,1,1,1,0,1,0,1,0,0,1,1,1,1,1,0,1,0,1,1
b5aa2f0720764d2a87d67ecb68f764d6,alpha,2,09-09-16,40,67%,alpha2,79%,67%,50%,60%,1,1,1,1,1,1,1,1,1,0,1,1,1,1,1,1,1,1,1,0,0,0,0,1,1,1,0,0,1,0,1,1,1,0,1,1,1,1,1,1,0,1,1,0,0,0,0,1,0,0,1,1,0,0,0,1,0,1,1,1
03d1f191d9364eb299679e6e0e3dc239,alpha,3,30-09-16,55,92%,alpha3,100%,92%,79%,90%,1,1,1,1,1,1,1,1,1,1,1,1,1,1,1,1,1,1,1,1,1,1,1,1,1,1,1,1,1,1,1,1,1,0,1,1,1,1,1,1,1,1,1,1,0,1,0,1,0,1,1,1,1,0,1,1,1,1,1,1
184212af6d9440778220b8ac51cb218c,alpha,3,30-09-16,56,93%,alpha3,100%,92%,86%,90%,1,1,1,1,1,1,1,1,1,1,1,1,1,1,1,1,1,1,1,1,1,1,1,1,1,1,1,1,1,1,1,1,1,0,1,1,1,1,1,1,1,1,1,1,0,1,1,1,0,1,1,1,1,0,1,1,1,1,1,1
1f668c25317c46c29caaeefc0615ef64,alpha,1,09-09-16,30,50%,alpha1,63%,58%,36%,30%,1,1,1,1,1,1,0,1,0,0,1,0,1,1,1,1,1,1,1,0,0,0,0,0,1,0,0,1,1,1,1,1,1,0,0,0,1,1,0,0,0,0,1,0,0,1,0,1,0,0,0,0,0,0,0,0,0,1,1,1
adc9134430484105ad3cf591d70dac80,alpha,2,02-09-16,52,87%,alpha2,88%,83%,86%,90%,1,1,1,1,1,1,1,1,1,1,1,1,1,1,1,1,1,1,1,0,0,1,1,0,0,1,1,1,1,1,1,1,1,0,1,1,1,1,1,1,1,1,1,1,0,1,1,1,0,1,1,1,0,1,1,1,1,1,1,1
14c39f026fd74e8f82e5edb484f489b5,alpha,2,09-09-16,41,68%,alpha2,83%,67%,50%,60%,1,1,1,1,1,1,1,1,1,1,1,1,1,1,1,1,1,1,1,0,0,0,0,1,1,1,1,0,1,1,1,1,1,0,0,0,1,1,1,1,0,1,1,0,0,0,0,1,0,0,1,0,0,1,1,0,0,1,1,1
d5f632086f884576bb15257350eb0878,alpha,2,29-08-16,43,72%,alpha2,88%,92%,50%,40%,1,1,1,1,1,1,0,0,1,1,1,1,1,1,1,1,1,1,1,0,1,1,1,1,1,1,1,1,1,1,1,1,1,0,1,1,1,1,0,1,1,1,1,0,0,0,0,0,0,1,1,1,0,0,0,0,0,0,1,1
dcd142ae0ad74c8f8cf34a89469ecfae,alpha,4,29-08-16,48,80%,alpha2,88%,83%,71%,70%,1,1,1,1,1,1,1,1,1,0,1,1,1,1,1,1,1,1,1,1,1,0,0,1,1,1,1,1,1,1,1,1,1,0,1,0,1,1,1,1,1,1,1,1,0,0,1,1,0,0,1,1,0,1,1,0,1,0,1,1
a586fd39e68846fababfdab5b05cbd9d,alpha,2,30-08-16,34,57%,alpha2,58%,50%,57%,60%,1,1,1,1,1,0,0,0,0,0,1,1,1,1,1,1,1,1,1,0,0,0,0,0,1,1,0,0,0,1,1,1,1,0,0,0,1,1,0,1,1,1,0,1,0,0,1,1,0,0,1,0,0,1,0,0,1,1,1,1
3d408c91248f4786ae38c59fde61d163,alpha,2,30-08-16,41,68%,alpha2,63%,58%,79%,80%,1,1,1,1,1,1,1,0,1,0,1,1,1,1,0,1,0,0,1,0,0,0,0,1,1,0,0,1,1,1,1,1,1,0,0,0,1,0,1,1,1,1,1,1,1,0,1,1,0,1,1,1,1,0,0,1,1,1,1,1
64cf3a96fd604975989ddc48c39f868d,alpha,2,30-08-16,19,32%,alpha2,17%,58%,43%,20%,0,0,0,0,0,0,0,0,0,0,0,0,0,1,1,1,0,0,1,0,0,0,0,0,1,1,0,1,1,1,1,0,1,0,0,0,1,1,0,1,0,1,1,0,0,0,0,1,0,0,0,0,0,0,0,0,0,0,1,1
d35fbd7daaa44615b08781837d2aca03,alpha,2,29-08-16,45,75%,alpha2,83%,83%,64%,60%,1,1,1,1,1,1,1,0,1,1,1,1,1,0,0,1,1,1,1,1,1,1,0,1,1,1,1,1,1,1,1,0,1,0,1,1,1,1,1,1,1,0,1,1,0,0,0,1,0,1,1,0,0,1,1,0,1,0,1,1
9fa4f26c867744b3bec39511a23fd570,alpha,2,30-08-16,32,53%,alpha2,67%,58%,43%,30%,1,1,1,1,1,1,1,0,1,0,1,1,1,1,0,1,1,0,1,0,0,0,0,1,1,1,0,1,1,0,1,1,1,0,0,0,1,1,0,1,1,1,1,0,0,0,0,0,0,0,1,0,1,0,0,0,0,0,1,0
437c7f98f9844f31abf062c10e482f18,alpha,2,30-08-16,33,55%,alpha2,63%,50%,50%,50%,1,1,1,1,1,1,1,0,1,0,1,1,1,1,0,1,0,0,1,0,0,0,0,1,1,1,0,1,0,1,1,1,0,0,0,0,1,1,1,1,1,1,1,0,0,0,0,0,0,0,1,1,0,0,1,0,0,0,1,1
47dfbcae09104874aba01a6a984b25f1,alpha,2,30-08-16,38,63%,alpha2,75%,58%,57%,50%,1,1,1,1,1,0,1,0,0,1,1,1,1,1,1,1,1,0,1,0,0,1,1,1,1,1,0,1,1,1,1,1,0,0,0,0,1,1,1,0,1,1,1,0,0,0,0,1,0,1,1,0,1,0,0,0,1,0,1,1
36a698c8bc1f481f8976d9bda3bd2b6d,alpha,2,30-08-16,33,55%,alpha2,63%,92%,43%,10%,1,1,1,1,1,1,1,1,1,1,1,0,0,0,0,1,1,1,1,0,0,0,0,0,1,1,1,1,1,1,1,1,1,0,1,1,1,1,0,1,0,0,1,0,0,0,0,1,0,1,0,0,0,0,0,0,0,0,1,0
7afd2c836edb462d908c8d18080eb47b,alpha,2,30-08-16,31,52%,alpha2,79%,42%,21%,40%,1,1,1,1,1,1,1,1,1,1,1,1,1,0,0,1,0,1,1,0,0,1,1,1,1,0,0,1,0,1,0,1,1,0,0,0,0,0,1,0,0,0,0,0,0,0,1,1,0,0,1,1,0,0,0,0,0,0,1,1
cfd1d3f53c1f46339ca407ee1089e80e,alpha,2,30-08-16,28,47%,alpha2,54%,50%,36%,40%,1,1,1,1,1,1,0,0,0,0,1,0,1,0,1,1,1,1,1,0,0,0,0,0,1,1,1,1,1,0,0,1,0,0,0,0,1,1,0,0,0,1,1,0,0,0,0,0,0,1,0,1,0,0,0,0,0,1,1,1
f176018724e3412a9404c05b01ec5a62,alpha,2,30-08-16,36,60%,alpha2,67%,42%,71%,50%,1,1,1,1,1,0,1,0,1,0,1,1,1,1,1,1,0,1,1,1,0,0,0,0,0,0,0,0,0,0,1,1,1,0,1,1,1,1,1,1,1,1,1,1,0,0,1,1,0,0,0,1,0,0,1,0,1,0,1,1
f238aa1cce4f4a0cb33dae5d79243a49,alpha,2,30-08-16,36,60%,alpha2,63%,58%,79%,30%,1,0,1,1,1,0,0,0,1,0,1,1,1,1,1,1,1,1,1,0,0,0,0,1,1,1,0,1,0,1,1,1,1,0,0,0,1,1,1,1,1,1,1,1,1,0,1,0,0,1,0,0,0,0,0,0,1,0,1,1
309980798737452eb483ce46943b7702,alpha,2,30-08-16,39,65%,alpha2,63%,58%,71%,70%,1,1,1,1,1,1,1,0,1,0,1,1,1,1,0,1,0,0,1,0,0,0,0,1,1,0,0,1,1,1,1,1,1,0,0,0,1,1,0,0,1,1,1,1,1,0,1,1,0,1,1,1,1,0,0,1,1,0,1,1
0d58593603ba4753a5b9e1fea0518a1e,alpha,3,29-08-16,48,80%,alpha2,100%,92%,57%,50%,1,1,1,1,1,1,1,1,1,1,1,1,1,1,1,1,1,1,1,1,1,1,1,1,1,1,1,1,1,1,1,1,1,0,1,1,1,1,1,1,1,1,1,0,0,0,0,1,0,0,1,0,0,1,0,0,1,0,1,1
5b2b1bf42b294e58882bf34fa1e0f446,alpha,2,30-08-16,31,52%,alpha2,58%,50%,57%,30%,1,1,1,1,1,1,0,0,1,0,1,0,0,1,1,1,1,1,1,0,0,0,0,0,1,0,0,1,0,1,1,1,1,0,0,0,1,1,1,1,1,1,1,0,0,0,0,1,0,0,0,0,0,0,0,0,0,1,1,1
fa8bd3bc407943688d9dadba49456869,alpha,2,30-08-16,36,60%,alpha2,63%,50%,79%,40%,1,1,1,1,1,1,1,0,1,0,1,1,1,1,0,1,0,0,1,0,0,0,0,1,0,0,0,1,1,1,1,1,1,0,0,0,1,1,0,1,1,1,1,1,1,0,1,1,0,1,1,0,0,0,0,1,0,0,1,1
6888dbf799a849d58b39179a068e3170,alpha,2,29-08-16,46,77%,alpha2,88%,92%,50%,70%,1,0,1,1,1,1,1,1,1,1,1,1,0,1,1,1,1,1,1,1,1,1,0,1,1,1,1,1,1,1,1,1,1,0,1,1,1,1,0,1,0,1,1,0,0,0,0,1,0,1,1,1,0,1,1,1,0,0,1,1
f7389ad9bebf41968ca693268a485e4d,alpha,2,29-08-16,47,78%,alpha2,96%,83%,57%,60%,1,1,1,1,1,1,1,1,1,1,1,1,1,1,1,1,1,1,1,1,1,1,0,1,1,1,1,1,1,1,1,0,1,0,1,1,1,1,0,1,1,1,1,1,0,0,0,1,0,0,0,1,0,1,1,0,1,0,1,1
0b1baf167dcb448f8b2f581e44dce2c8,alpha,2,29-08-16,41,68%,alpha2,83%,75%,43%,60%,1,1,0,1,1,1,1,1,1,0,1,1,1,1,0,1,1,1,1,1,1,1,0,1,1,0,1,1,1,1,1,1,1,0,0,1,1,1,1,0,1,1,0,1,0,0,0,0,0,0,1,0,0,1,0,0,1,1,1,1
e56520be5cbf4abdad96c558fc571ac0,alpha,2,30-08-16,42,70%,alpha2,83%,83%,64%,30%,1,1,1,1,1,1,1,1,1,0,1,1,0,1,1,1,1,1,1,0,0,1,1,1,1,1,0,1,1,1,1,1,1,0,1,1,1,1,1,0,1,1,1,1,1,0,1,0,0,0,0,0,0,1,0,0,0,1,1,0
7d9ecae94efb4392b2fd6f587b1479e8,alpha,3,29-08-16,48,80%,alpha2,96%,92%,64%,50%,1,1,1,1,1,1,1,1,1,1,1,1,1,1,1,1,1,1,1,0,1,1,1,1,1,1,1,1,1,1,1,1,1,0,1,1,1,1,0,1,1,1,1,1,0,0,0,1,0,1,1,1,0,1,0,0,0,0,1,1
0b84e3f1532d4bc3b3d55e0a41a0f76c,alpha,2,30-08-16,35,58%,alpha2,71%,67%,29%,60%,1,1,1,1,1,1,1,0,1,0,1,1,1,0,0,1,1,1,1,0,0,1,1,0,1,1,1,1,1,0,1,1,1,0,0,0,1,1,0,0,0,1,0,1,0,0,0,0,0,0,1,1,0,0,1,0,1,0,1,1
65ee809809ce4e00a9a9506e8b4c0399,alpha,2,29-08-16,31,52%,alpha2,67%,58%,14%,60%,1,1,1,0,0,1,1,1,1,0,1,1,1,0,1,1,0,0,0,1,1,1,0,1,1,0,1,1,0,1,0,1,1,0,1,0,0,0,1,0,0,0,1,0,0,0,0,0,0,0,1,1,0,0,1,1,0,1,1,0
525ecca18ec44af0aacd103be42ca0ca,alpha,2,30-08-16,51,85%,alpha2,92%,75%,86%,80%,1,1,1,1,1,1,1,1,1,1,1,1,1,1,1,1,1,1,1,1,0,1,0,1,1,1,1,1,1,1,1,1,1,0,0,0,1,1,1,1,1,1,1,1,1,0,1,1,0,1,1,1,1,1,0,1,1,0,1,1
6e666e21085b44f6832e2a2c270ddd27,alpha,2,29-08-16,46,77%,alpha2,100%,92%,50%,40%,1,1,1,1,1,1,1,1,1,1,1,1,1,1,1,1,1,1,1,1,1,1,1,1,1,1,1,1,1,1,1,1,1,0,1,1,1,1,1,0,1,0,1,1,0,0,0,1,0,0,0,0,0,1,0,0,0,1,1,1
9499a425d1e844e3bbd08d60544bea17,alpha,2,29-08-16,46,77%,alpha2,92%,83%,50%,70%,1,1,1,1,1,1,1,1,1,1,1,1,0,1,1,1,1,1,1,1,1,1,0,1,1,1,1,1,1,1,1,1,1,0,1,0,1,1,0,1,0,1,1,0,0,0,0,1,0,1,1,0,0,1,1,1,1,0,1,1
0acd9c5d014c4caf94861ff2f94daee7,alpha,2,30-08-16,36,60%,alpha2,50%,58%,71%,70%,1,1,0,1,1,1,0,0,1,0,1,1,1,0,0,1,1,0,1,0,0,0,0,0,1,0,1,0,1,0,0,1,1,0,1,1,1,0,1,1,1,1,1,1,1,0,0,1,0,1,1,1,0,1,0,1,0,1,1,1
1a7b05b24c004b669b0f034d16af415e,alpha,2,30-08-16,35,58%,alpha2,63%,83%,43%,40%,1,1,1,0,1,1,0,0,1,1,1,1,0,1,1,1,1,1,1,0,0,0,0,0,1,1,0,1,1,1,1,1,1,0,1,1,1,0,1,0,0,0,1,1,1,0,0,1,0,0,0,0,0,1,0,0,0,1,1,1
bf8c4c10b133431cb15c1a5852c3d092,alpha,2,30-08-16,42,70%,alpha2,96%,58%,57%,40%,1,1,1,1,1,1,1,1,1,0,1,1,1,1,1,1,1,1,1,1,1,1,1,1,1,1,0,0,1,1,1,1,1,0,0,0,1,0,1,1,1,1,1,1,0,0,0,1,0,0,0,1,1,0,0,0,0,0,1,1
9313921c4e234d39a41aa6400086e6cc,alpha,2,30-08-16,36,60%,alpha2,75%,42%,57%,50%,1,1,1,1,1,1,1,1,1,1,1,1,1,1,1,1,0,0,1,0,0,0,0,1,1,0,0,1,0,0,1,1,1,0,0,0,1,1,0,1,1,1,1,1,0,0,1,0,0,0,1,0,0,1,0,0,1,0,1,1
0db4c65b95314b22989468e8fbda6cec,alpha,3,29-08-16,50,83%,alpha2,96%,92%,64%,70%,1,1,1,1,1,1,1,0,1,1,1,1,1,1,1,1,1,1,1,1,1,1,1,1,1,1,1,1,1,1,1,1,1,0,1,1,1,1,0,1,1,1,1,1,0,0,0,1,0,1,1,0,0,1,1,1,1,0,1,1
f7bb2a78496644c2bdfb1d9413451aed,alpha,2,30-08-16,33,55%,alpha2,54%,67%,50%,50%,1,0,1,1,1,1,1,0,1,0,1,0,0,1,1,1,1,1,0,0,0,0,0,0,0,1,0,0,1,1,1,1,1,0,1,1,1,0,0,1,0,0,1,1,0,0,1,1,0,1,1,0,1,1,0,0,0,0,1,1
1fc94f069c8440cbb3776d6c21890671,alpha,3,29-08-16,44,73%,alpha2,83%,92%,64%,40%,1,0,1,1,1,1,1,1,1,1,1,0,1,1,0,1,1,1,1,1,1,1,0,1,1,1,1,1,1,1,1,1,1,0,1,1,1,1,0,1,1,1,1,1,0,0,0,1,0,1,0,0,0,1,0,0,1,0,1,1
7d5a679594cf4f8e87946354adab6e21,alpha,2,30-08-16,35,58%,alpha2,63%,50%,57%,60%,1,1,1,1,1,1,0,0,1,0,1,1,1,0,0,1,1,1,1,1,0,0,0,0,1,1,0,0,0,1,0,1,1,0,1,0,1,1,0,1,1,1,0,0,1,0,0,1,0,1,1,1,0,0,1,0,1,0,1,1
8ea3d39176a24559ae66aa67caefb886,alpha,2,29-08-16,45,75%,alpha2,96%,92%,43%,50%,1,1,1,1,1,1,1,1,1,1,1,1,1,1,1,1,1,1,1,0,1,1,1,1,1,1,1,1,1,1,1,1,1,0,1,1,1,0,0,1,0,1,1,0,0,0,0,1,0,1,1,1,0,1,0,0,0,0,1,1
81485b93f9b948a2abbd8e20389c078c,alpha,2,30-08-16,35,58%,alpha2,67%,50%,43%,70%,1,1,1,0,1,1,1,0,1,0,0,1,1,1,1,1,1,1,1,0,0,0,0,1,1,0,1,1,0,0,1,1,1,0,0,0,1,1,0,1,0,0,1,1,0,0,0,1,0,0,0,1,0,1,0,1,1,1,1,1
5786e0abf08746e1b9954570354cd074,alpha,2,30-08-16,41,68%,alpha2,88%,75%,50%,40%,1,1,1,1,1,1,1,0,1,0,1,1,1,1,1,1,1,1,1,1,1,1,0,1,1,1,1,1,0,0,1,1,1,0,1,1,1,1,1,1,1,1,1,0,0,0,0,0,0,0,1,1,0,0,1,0,0,0,1,0
01e4b92c71b740e9b01df9a5b4ba9653,alpha,2,30-08-16,35,58%,alpha2,67%,67%,43%,50%,1,1,1,1,1,1,0,1,1,0,1,0,0,1,1,1,0,1,1,0,0,1,1,0,1,0,0,1,1,1,1,1,1,0,0,1,1,1,0,0,1,1,1,0,0,0,0,1,0,0,1,0,0,0,1,1,0,0,1,1
29c4bd77e83c4640b08e15b8f6545ddc,alpha,2,30-08-16,39,65%,alpha2,75%,58%,64%,50%,1,1,0,1,1,1,1,1,1,0,1,0,1,1,1,1,1,1,1,1,0,0,0,1,1,1,0,1,1,1,1,1,0,0,0,0,1,1,1,0,1,1,0,1,1,0,0,1,0,1,1,1,0,1,0,0,1,0,1,0
b0d9fc4aac3c4abd8251bcd2d921f0ed,alpha,2,30-08-16,22,37%,alpha2,29%,42%,43%,40%,0,0,0,0,0,0,0,0,0,0,0,0,1,1,1,1,0,1,1,1,0,0,0,0,0,0,0,1,0,1,1,1,1,0,0,0,0,0,0,0,1,1,1,1,0,0,1,1,0,0,1,0,0,1,0,0,0,0,1,1
950be784e0fc4d2d912a1e02ca3d7354,alpha,2,29-07-16,41,68%,alpha2,83%,83%,43%,50%,1,1,1,1,1,0,1,0,1,0,1,1,1,0,1,1,1,1,1,1,1,1,1,1,1,1,1,1,1,1,1,1,1,0,1,0,0,0,0,1,1,1,1,1,0,0,1,0,0,0,1,0,0,1,0,1,0,0,1,1
54c98fd163d74fadb509e711e3d80b80,alpha,2,29-07-16,54,90%,alpha2,96%,92%,86%,80%,1,1,1,1,1,1,1,1,1,1,1,1,1,1,1,1,1,1,1,1,1,1,0,1,1,1,1,1,1,1,1,1,1,1,0,1,1,1,1,1,1,1,1,1,1,0,1,1,0,1,1,0,1,1,1,1,1,0,1,1
2a0253f18aee48cdb11fff67488bcb43,alpha,2,29-07-16,48,80%,alpha2,96%,83%,64%,60%,1,1,1,1,1,1,0,1,1,1,1,1,1,1,1,1,1,1,1,1,1,1,1,1,1,1,1,1,1,1,0,1,1,0,1,1,1,1,0,1,1,1,1,1,0,0,1,1,0,0,1,1,1,0,0,1,0,0,1,1
36d8e6821d3e44878bb33e2712f00bad,alpha,2,29-07-16,50,83%,alpha2,96%,83%,71%,70%,1,1,1,1,1,1,1,1,1,1,1,1,1,1,1,1,0,1,1,1,1,1,1,1,1,1,1,1,1,1,1,1,1,0,0,1,1,1,1,1,1,1,1,1,0,0,1,1,0,0,1,1,1,1,0,1,1,0,1,0
859dfa0a4eba4ed7a0f576c986242a59,alpha,2,29-07-16,44,73%,alpha2,83%,75%,86%,30%,1,1,1,1,1,1,1,1,1,1,1,1,0,1,1,0,1,1,1,1,1,1,0,0,1,1,1,1,1,1,0,1,0,0,1,1,1,1,1,1,1,1,1,1,1,0,1,1,0,1,1,0,0,0,1,0,0,0,1,0
e12d55f4172a42a5bce8d8446bdcbe15,alpha,2,29-07-16,52,87%,alpha2,100%,83%,71%,80%,1,1,1,1,1,1,1,1,1,1,1,1,1,1,1,1,1,1,1,1,1,1,1,1,1,1,1,1,1,1,1,1,1,0,0,1,1,1,1,1,1,1,1,1,0,0,1,1,0,0,1,1,1,1,0,1,1,0,1,1
be0a54b2158740c08105cf2ac2a132a8,alpha,2,29-07-16,52,87%,alpha2,100%,92%,71%,70%,1,1,1,1,1,1,1,1,1,1,1,1,1,1,1,1,1,1,1,1,1,1,1,1,1,1,1,1,1,1,1,1,1,0,1,1,1,1,1,1,1,1,1,1,0,0,1,1,0,0,1,1,1,1,0,1,1,0,1,0
cb8fe52187204e2f8e86d64326bd03b3,alpha,2,29-07-16,54,90%,alpha2,96%,92%,79%,90%,1,1,1,1,1,1,1,1,1,1,1,1,1,1,1,1,1,1,1,1,0,1,1,1,1,1,1,1,1,1,1,1,1,1,1,0,1,1,1,1,1,1,1,1,0,0,1,1,0,1,1,1,1,1,1,1,1,0,1,1
43d8f91c09ef45f5820886c38d5a3df0,alpha,2,29-07-16,54,90%,alpha2,100%,92%,86%,70%,1,1,1,1,1,1,1,1,1,1,1,1,1,1,1,1,1,1,1,1,1,1,1,1,1,1,1,1,1,1,1,1,1,0,1,1,1,1,1,1,1,1,1,1,1,0,1,1,0,1,1,1,1,1,0,1,1,0,1,0
03d1f191d9364eb299679e6e0e3dc239,alpha,3,29-07-16,50,83%,alpha2,83%,83%,79%,90%,1,1,1,1,1,1,1,1,1,1,1,1,1,1,1,1,1,1,1,0,0,0,0,1,1,1,1,1,1,1,1,1,1,0,0,1,1,1,1,1,1,1,1,0,1,0,1,1,0,1,1,1,1,1,1,1,1,0,1,1
184212af6d9440778220b8ac51cb218c,alpha,3,29-07-16,50,83%,alpha2,100%,92%,57%,70%,1,1,1,1,1,1,1,1,1,1,1,1,1,1,1,1,1,1,1,1,1,1,1,1,1,1,1,1,1,1,1,1,1,1,1,0,1,0,1,1,1,1,1,0,0,0,1,1,0,0,1,1,1,1,1,1,0,0,1,0
cfc8224dc9c64453a31887bc336f0999,alpha,2,29-07-16,47,78%,alpha2,83%,58%,79%,90%,1,1,1,1,1,1,1,1,1,1,1,1,1,1,1,1,1,1,1,0,0,0,0,1,1,1,0,1,0,0,1,1,1,1,0,0,1,1,1,1,1,1,1,1,1,0,1,1,0,0,1,1,1,1,0,1,1,1,1,1
98d0239df2314dd5b67902d161d07251,alpha,2,28-07-16,14,23%,alpha1,33%,25%,0%,30%,1,1,1,1,1,1,0,0,0,0,1,0,1,0,0,0,0,0,0,0,0,0,0,0,0,0,0,1,0,0,0,0,0,1,0,1,0,0,0,0,0,0,0,0,0,0,0,0,0,0,0,0,0,1,0,0,0,0,1,1
0dc373d6b1434c48a86d1cfe3d9a3e46,alpha,1,28-07-16,20,33%,alpha1,50%,17%,7%,50%,1,1,1,1,1,1,1,0,1,0,1,0,0,1,0,1,0,0,1,0,0,0,0,0,0,0,0,1,0,0,1,0,0,0,0,0,0,0,0,0,0,0,1,0,0,0,0,0,0,0,1,1,0,0,0,0,0,1,1,1
7615482166a349ba9e49f85ab4b78802,alpha,1,28-07-16,33,55%,alpha1,63%,58%,43%,50%,1,1,1,1,1,0,1,0,1,0,1,1,0,1,1,1,0,1,1,1,0,0,0,0,0,0,0,0,1,1,1,1,1,0,1,1,1,0,0,1,1,0,1,0,0,0,0,1,0,1,0,1,0,1,0,0,0,1,1,1
dbab232b5e8348398757f6b39f025125,alpha,1,27-07-16,43,72%,alpha1,79%,92%,57%,50%,1,1,1,1,1,1,0,1,1,1,1,1,0,1,1,1,1,0,1,1,1,1,0,0,1,1,1,1,1,1,1,1,1,0,1,1,1,0,1,1,1,1,1,0,0,0,0,1,0,1,1,0,0,1,0,0,0,1,1,1
adc9954496a24bb5a5040257de025e85,alpha,2,27-07-16,32,53%,alpha1,58%,67%,36%,50%,1,1,1,1,1,1,1,0,0,0,1,1,0,1,1,1,0,0,0,0,0,0,1,1,1,1,0,1,1,1,1,1,1,0,0,0,1,0,0,0,1,1,0,0,0,0,1,1,0,0,0,1,0,0,1,0,0,1,1,1
4acacf9fb94243d2931c9ca1ac0ece5f,alpha,2,27-07-16,19,32%,alpha1,33%,33%,21%,40%,1,1,0,1,1,1,0,0,1,0,1,0,0,0,0,1,0,0,0,0,0,0,0,0,0,0,0,0,0,1,1,1,1,0,0,0,0,0,1,0,0,1,1,0,0,0,0,0,0,0,0,0,0,1,0,0,1,0,1,1
fb278f118a594bc889d9c35e7eeea326,alpha,1,27-07-16,28,47%,alpha1,58%,17%,57%,40%,1,1,1,1,0,0,1,0,1,0,1,1,1,1,0,0,0,1,1,1,1,0,0,0,0,1,0,0,0,0,0,0,0,0,0,1,1,0,0,1,1,1,1,0,1,0,0,1,0,1,0,0,0,1,0,0,0,1,1,1
1b91b49d80864f1d98ba41d6acdaf971,alpha,1,26-07-16,24,40%,alpha1,50%,67%,21%,10%,1,1,1,1,0,0,0,0,1,0,1,1,0,1,1,0,0,1,1,1,0,0,0,0,0,1,1,1,1,1,0,1,1,1,0,0,1,0,0,1,1,0,0,0,0,0,0,0,0,0,0,0,0,0,0,0,0,0,1,0
0b84e3f1532d4bc3b3d55e0a41a0f76c,alpha,2,26-07-16,34,57%,alpha1,88%,33%,36%,40%,1,1,1,1,1,1,1,0,1,1,1,1,1,1,1,1,0,1,1,1,1,0,1,1,1,0,0,0,0,0,1,1,1,0,0,0,1,0,0,0,1,0,1,0,0,0,0,1,0,1,1,0,0,0,0,0,0,1,1,1
9c3c5dc6075244f29b8e40dee9010cb5,alpha,1,26-07-16,29,48%,alpha1,71%,50%,29%,20%,1,1,1,0,1,1,0,1,0,1,1,1,1,1,1,1,0,1,1,1,1,0,0,0,1,1,0,0,0,1,1,1,1,0,0,0,1,0,1,1,1,0,0,0,0,0,0,0,0,0,0,0,0,0,0,0,0,0,1,1
d35fbd7daaa44615b08781837d2aca03,alpha,2,25-07-16,45,75%,alpha1,88%,92%,64%,40%,1,1,1,1,1,1,1,1,1,0,1,0,0,1,1,1,1,1,1,1,1,1,1,1,1,1,1,1,1,1,1,1,1,0,1,1,1,0,1,1,1,0,1,1,0,0,1,1,0,1,0,0,0,1,0,0,0,1,1,1
9924f47fe1a446638a7e36970878c374,alpha,1,24-06-16,13,22%,alpha1,38%,17%,0%,20%,1,1,1,1,0,1,0,0,1,0,1,1,0,0,0,0,0,1,0,0,0,0,0,0,1,0,0,0,0,0,1,0,0,0,0,0,0,0,0,0,0,0,0,0,0,0,0,0,0,0,0,0,0,0,0,0,0,0,1,1
6c263e79566542759511ae371b34b6de,alpha,1,23-06-16,13,22%,alpha1,29%,33%,14%,0%,1,1,1,0,0,0,0,0,0,0,0,0,0,0,0,1,1,1,1,0,0,0,0,0,0,0,0,0,1,0,1,1,1,0,0,0,1,0,0,0,1,0,0,0,0,0,0,0,0,0,0,0,0,0,0,0,0,0,0,0
f516dbdf49bd4668b3651b04e4fadbb4,alpha,2,20-06-16,28,47%,alpha1,42%,75%,36%,40%,1,0,0,0,0,0,0,0,0,1,0,0,0,1,1,1,1,1,1,1,1,0,0,0,1,1,1,1,1,1,1,1,1,0,0,0,0,0,0,1,0,0,1,0,0,0,1,1,0,1,0,0,0,1,0,0,0,1,1,1
5625facd17a64b7a803be7aaf0ea43d7,alpha,2,10-06-16,9,15%,alpha1,33%,8%,0%,0%,1,1,1,1,1,0,1,0,0,0,0,0,0,0,0,1,0,1,0,0,0,0,0,0,0,1,0,0,0,0,0,0,0,0,0,0,0,0,0,0,0,0,0,0,0,0,0,0,0,0,0,0,0,0,0,0,0,0,0,0
2f33e9512be2494b9c877746cca0cc1a,alpha,2,10-06-16,16,27%,alpha1,58%,17%,0%,0%,1,1,1,1,1,1,1,0,1,0,1,1,0,0,0,1,1,1,1,0,0,0,0,0,0,0,0,0,0,0,1,0,1,0,0,0,0,0,0,0,0,0,0,0,0,0,0,0,0,0,0,0,0,0,0,0,0,0,0,0
e4c360a17bcd4fe59c4574587fe8a5ca,alpha,1,09-06-16,13,22%,alpha1,38%,33%,0%,0%,1,1,1,1,1,0,1,0,1,0,1,0,0,0,0,0,0,0,1,0,0,0,0,0,1,0,0,0,0,1,1,1,0,0,0,0,0,0,0,0,0,0,0,0,0,0,0,0,0,0,0,0,0,0,0,0,0,0,0,0
af3d57ab7d99462abd2c26d334ade508,alpha,1,08-06-16,14,23%,alpha1,38%,25%,7%,10%,0,1,1,1,1,1,0,0,0,0,1,0,0,0,0,1,0,1,1,0,0,0,0,0,0,0,0,0,0,1,1,0,0,1,0,0,1,0,0,0,0,0,0,0,0,0,0,0,0,0,0,0,0,0,0,0,0,0,1,0
aa2dfee686ae478dbc65ac2682f09909,alpha,1,02-06-16,18,30%,alpha1,50%,42%,0%,10%,1,1,1,1,1,1,1,0,0,0,1,0,0,0,0,1,1,1,1,0,0,0,0,0,1,0,0,1,1,0,0,1,1,0,0,0,0,0,0,0,0,0,0,0,0,0,0,0,0,0,0,0,0,0,0,0,0,0,0,1
97d5a276676b4f56aa1f9c05e6522e17,alpha,2,02-06-16,20,33%,alpha1,63%,25%,7%,10%,1,1,1,1,1,1,1,0,1,0,1,1,1,0,0,1,1,1,1,0,0,0,0,0,0,0,0,1,0,1,0,0,1,0,0,0,0,0,0,0,0,1,0,0,0,0,0,0,0,0,0,0,0,0,1,0,0,0,0,0
1987007c2a7c476da8560386e507ce3c,alpha,2,02-06-16,21,35%,alpha1,67%,33%,7%,0%,1,1,0,1,1,1,1,0,1,0,1,1,1,1,0,1,1,1,1,0,0,0,0,1,0,0,0,0,0,0,0,1,1,0,1,1,0,0,0,0,0,1,0,0,0,0,0,0,0,0,0,0,0,0,0,0,0,0,0,0
6aa5182106cf460ca23a87bd270e263b,alpha,1,01-06-16,4,7%,alpha1,13%,0%,7%,0%,0,1,0,1,0,0,0,0,0,0,1,0,0,0,0,0,0,0,0,0,0,0,0,0,0,0,0,0,0,0,0,0,0,0,0,0,0,1,0,0,0,0,0,0,0,0,0,0,0,0,0,0,0,0,0,0,0,0,0,0
f238aa1cce4f4a0cb33dae5d79243a49,alpha,2,31-05-16,6,10%,alpha1,17%,8%,7%,0%,0,0,1,1,1,1,0,0,0,0,0,0,0,0,0,0,0,0,0,0,0,0,0,0,0,0,0,0,0,0,1,0,0,0,0,0,0,0,0,1,0,0,0,0,0,0,0,0,0,0,0,0,0,0,0,0,0,0,0,0
0d58593603ba4753a5b9e1fea0518a1e,alpha,3,30-05-16,23,38%,alpha1,67%,8%,29%,20%,1,1,1,1,1,1,1,0,1,0,1,1,1,1,1,1,0,0,1,1,0,0,0,0,0,0,0,0,0,0,0,0,0,0,0,1,1,0,0,0,1,1,0,0,0,0,1,0,0,0,0,0,0,0,1,0,0,0,1,0
a7ecc93c3d314257ac37689c2cee94a4,alpha,1,30-05-16,19,32%,alpha1,54%,25%,7%,20%,1,1,1,1,1,1,0,0,0,0,1,0,0,1,1,1,1,0,0,0,0,0,1,1,1,0,0,0,0,0,0,0,0,1,0,1,0,0,0,0,0,0,1,0,0,0,0,0,0,0,0,0,0,0,0,0,0,0,1,1
85f0cedc906b4f71b4d3cddb9c04aa06,alpha,2,30-05-16,16,27%,alpha1,54%,0%,7%,20%,1,1,1,0,1,1,1,0,1,0,1,1,0,0,1,1,0,1,1,0,0,0,0,0,0,0,0,0,0,0,0,0,0,0,0,0,0,0,0,0,0,1,0,0,0,0,0,0,0,0,0,0,0,0,0,0,0,0,1,1
8b2d414974104949812ef5ee00888558,alpha,1,30-05-16,19,32%,alpha1,63%,0%,14%,20%,1,1,1,1,1,1,1,1,1,0,1,0,0,1,1,1,1,1,0,0,0,0,0,0,0,0,0,0,0,0,0,0,0,0,0,0,0,0,0,0,1,0,0,0,0,0,1,0,0,0,0,0,0,0,0,0,0,0,1,1
b92bc589ba08420195d267d58b4a879c,alpha,1,30-05-16,15,25%,alpha1,46%,8%,7%,20%,1,0,0,0,1,1,1,0,1,0,1,1,1,1,1,0,0,0,1,0,0,0,0,0,0,0,0,0,0,0,0,0,1,0,0,0,0,0,0,0,0,1,0,0,0,0,0,0,0,0,0,0,0,0,0,0,0,0,1,1
1fc94f069c8440cbb3776d6c21890671,alpha,3,30-05-16,14,23%,alpha1,46%,8%,7%,10%,1,1,1,1,1,0,0,0,0,0,1,1,0,1,1,0,0,1,1,0,0,0,0,0,0,0,0,0,0,1,0,0,0,0,0,0,0,0,0,0,0,0,1,0,0,0,0,0,0,0,0,0,0,0,0,0,0,1,0,0
8ea3d39176a24559ae66aa67caefb886,alpha,2,30-05-16,18,30%,alpha1,63%,17%,7%,0%,1,1,0,1,1,1,1,0,1,0,1,1,1,1,1,1,0,0,1,1,0,0,0,0,0,0,1,1,0,0,0,0,0,0,0,0,0,0,0,0,1,0,0,0,0,0,0,0,0,0,0,0,0,0,0,0,0,0,0,0
950be784e0fc4d2d912a1e02ca3d7354,alpha,2,27-05-16,34,57%,alpha1,88%,33%,36%,40%,1,1,1,1,1,1,1,1,1,1,1,1,1,1,1,1,1,1,1,0,0,0,1,1,0,0,0,1,0,0,1,1,1,0,0,0,1,0,1,1,1,0,1,0,0,0,0,0,0,0,0,0,0,1,1,1,0,0,1,0
24017d2529e141e5b4beca263ad20af9,alpha,2,27-05-16,13,22%,alpha1,46%,8%,7%,0%,1,1,1,1,1,1,0,0,1,0,1,1,0,1,0,1,0,0,0,0,0,0,0,0,0,0,0,1,0,0,0,0,0,0,0,0,0,0,0,1,0,0,0,0,0,0,0,0,0,0,0,0,0,0,0,0,0,0,0,0
ee19a40172da4c83aa84495f02fe90f5,alpha,2,27-05-16,29,48%,alpha1,75%,50%,7%,40%,1,1,1,1,1,1,1,1,1,0,1,1,1,1,0,1,1,1,1,0,0,0,0,1,0,0,0,0,1,0,1,1,1,1,1,0,0,0,0,0,0,1,0,0,0,0,0,0,0,0,0,1,0,0,1,0,0,0,1,1
59372000fc7f43d8ab4c572d70d000ed,alpha,2,27-05-16,12,20%,alpha1,38%,17%,7%,0%,1,1,0,1,1,1,0,0,0,0,1,1,0,0,0,1,0,1,0,0,0,0,0,0,0,0,0,1,0,1,0,0,0,0,0,0,0,0,0,0,0,0,1,0,0,0,0,0,0,0,0,0,0,0,0,0,0,0,0,0
54c98fd163d74fadb509e711e3d80b80,alpha,2,27-05-16,42,70%,alpha1,79%,67%,57%,70%,1,1,0,1,1,1,0,0,1,1,1,1,1,1,1,1,1,1,1,1,0,1,0,1,1,0,1,1,1,0,1,1,1,0,0,1,1,1,1,1,0,0,0,0,1,0,1,1,0,1,0,1,0,1,1,1,1,0,1,1
a61321d0f85c496c94df478dc40cb1fc,alpha,2,27-05-16,25,42%,alpha1,67%,33%,14%,30%,1,1,1,1,1,1,0,0,1,0,1,1,1,1,1,1,0,1,1,0,0,0,0,1,0,1,0,1,0,1,1,0,0,0,0,0,0,0,0,0,1,1,0,0,0,0,0,0,0,0,0,1,0,0,1,0,0,0,0,1
b267acb5b45741d692ba3168a3364432,alpha,2,27-05-16,10,17%,alpha1,42%,0%,0%,0%,1,1,1,1,1,1,1,0,0,0,1,1,1,0,0,0,0,0,0,0,0,0,0,0,0,0,0,0,0,0,0,0,0,0,0,0,0,0,0,0,0,0,0,0,0,0,0,0,0,0,0,0,0,0,0,0,0,0,0,0
b4e661ec20b5401fa641b7561c7c87f8,alpha,1,27-05-16,15,25%,alpha1,50%,8%,0%,20%,1,1,1,0,1,1,1,0,1,1,1,1,0,1,1,0,0,0,0,0,0,0,0,0,0,0,0,0,0,0,0,0,1,0,0,0,0,0,0,0,0,0,0,0,0,0,0,0,0,0,0,1,0,0,0,0,0,0,1,0
06f40d2233344d158403b8d8f285e8ef,alpha,1,27-05-16,11,18%,alpha1,42%,8%,0%,0%,1,1,1,1,0,1,1,0,0,0,1,1,0,0,0,1,1,0,0,0,0,0,0,0,0,0,0,0,0,0,0,0,0,1,0,0,0,0,0,0,0,0,0,0,0,0,0,0,0,0,0,0,0,0,0,0,0,0,0,0
050cab722c83423bb7767d007d5f6b58,alpha,2,27-05-16,25,42%,alpha1,67%,33%,29%,10%,1,1,1,0,1,1,1,1,1,0,1,1,0,1,1,1,0,1,1,1,0,0,0,0,1,0,1,0,0,0,0,0,1,0,1,0,1,0,1,0,0,1,1,0,0,0,0,0,0,0,0,0,0,1,0,0,0,0,0,0
a7424b978f084f5d889c198b7ca87e4a,alpha,2,27-05-16,14,23%,alpha1,54%,0%,7%,0%,1,1,1,1,1,1,1,0,0,0,1,1,0,1,0,1,0,1,1,0,0,0,0,0,0,0,0,0,0,0,0,0,0,0,0,0,0,0,0,0,1,0,0,0,0,0,0,0,0,0,0,0,0,0,0,0,0,0,0,0
51bb1f21620b4ba69cbf39d8606c02d7,alpha,1,27-05-16,27,45%,alpha1,79%,25%,21%,20%,1,1,1,1,1,1,1,0,1,0,1,1,1,1,1,1,0,1,1,1,0,0,1,1,1,1,1,0,0,0,0,0,0,0,0,0,0,0,0,1,0,1,1,0,0,0,0,0,0,0,0,1,0,0,0,0,0,1,0,0
a8825a10a7ee48d69c676fcafe21e6e6,alpha,1,27-05-16,9,15%,alpha1,38%,0%,0%,0%,1,1,1,1,1,1,0,0,0,0,1,1,0,1,0,0,0,0,0,0,0,0,0,0,0,0,0,0,0,0,0,0,0,0,0,0,0,0,0,0,0,0,0,0,0,0,0,0,0,0,0,0,0,0,0,0,0,0,0,0
e548d01537754c27babb057ac99d090c,alpha,1,27-05-16,5,8%,alpha1,21%,0%,0%,0%,1,0,0,0,1,0,0,0,0,0,1,1,1,0,0,0,0,0,0,0,0,0,0,0,0,0,0,0,0,0,0,0,0,0,0,0,0,0,0,0,0,0,0,0,0,0,0,0,0,0,0,0,0,0,0,0,0,0,0,0
f8c7185a3c234693a403d09c73bd8b5a,alpha,2,27-05-16,8,13%,alpha1,33%,0%,0%,0%,1,1,1,1,0,1,1,0,0,0,1,0,0,1,0,0,0,0,0,0,0,0,0,0,0,0,0,0,0,0,0,0,0,0,0,0,0,0,0,0,0,0,0,0,0,0,0,0,0,0,0,0,0,0,0,0,0,0,0,0
0b5a801f529d49b0af804b9b3826503e,alpha,2,27-05-16,22,37%,alpha1,63%,25%,21%,10%,1,1,1,0,1,1,1,0,1,1,1,1,0,1,1,0,0,1,1,0,1,0,0,0,0,1,0,0,0,0,0,1,1,0,0,0,0,0,0,0,0,1,1,0,1,0,0,0,0,0,0,0,0,0,0,0,0,0,0,1
a61d38a9b14b48bea136bb03b03c59fe,alpha,1,27-05-16,17,28%,alpha1,58%,17%,7%,0%,1,1,1,1,1,1,1,0,1,0,1,1,0,1,1,1,0,0,1,0,0,0,0,0,0,0,0,1,0,0,0,0,0,0,0,1,0,0,0,1,0,0,0,0,0,0,0,0,0,0,0,0,0,0,0,0,0,0,0,0
dc1c8a88854d43ca9dcdea5e55ca812d,alpha,2,27-05-16,27,45%,alpha1,79%,33%,7%,30%,1,1,1,1,1,1,1,0,1,1,1,1,1,1,1,1,0,0,1,1,0,0,1,1,0,0,1,1,0,0,1,0,0,0,1,0,0,0,0,0,1,0,0,0,0,0,0,0,0,0,0,1,0,0,1,1,0,0,0,0
dcf9d594beb3405ba6d24f6dc6b78cd8,alpha,2,27-05-16,24,40%,alpha1,79%,17%,0%,30%,1,1,1,1,1,1,1,1,1,0,1,1,1,1,0,1,1,1,1,0,0,0,1,1,0,0,0,1,1,0,0,0,0,0,0,0,0,0,0,0,0,0,0,0,0,0,0,0,0,0,0,1,0,1,1,0,0,0,0,0
47e47a1bb2784b568443da14b98fa64b,alpha,2,27-05-16,27,45%,alpha1,75%,25%,21%,30%,1,1,1,1,1,1,1,0,1,0,1,1,1,1,1,1,0,1,1,0,0,0,1,1,0,0,0,0,0,0,0,1,1,0,0,1,0,0,0,0,0,1,0,0,1,0,0,1,0,0,1,1,0,0,0,0,0,0,1,0
8fe6e47377b049148595b9148a142ef9,alpha,2,27-05-16,24,40%,alpha1,67%,50%,0%,20%,1,1,1,1,1,1,1,0,1,0,1,1,0,1,0,1,0,0,1,1,0,0,1,1,1,0,1,1,1,0,0,1,1,0,0,0,0,0,0,0,0,0,0,0,0,0,0,0,0,0,1,1,0,0,0,0,0,0,0,0
29078b40cfee48dbb9c7ead2d05e62e8,alpha,1,27-05-16,15,25%,alpha1,42%,8%,14%,20%,1,0,1,1,0,1,0,0,0,0,1,1,0,1,0,1,0,1,1,0,0,0,0,0,0,1,0,0,0,0,0,0,0,0,0,0,0,0,0,0,0,1,1,0,0,0,0,0,0,0,0,0,0,0,0,0,0,0,1,1
b49d19ad2a3a4da791158eb7ff1ef234,alpha,1,27-05-16,6,10%,alpha1,21%,8%,0%,0%,0,1,0,0,1,0,0,0,1,0,1,1,0,0,0,0,0,0,0,0,0,0,0,0,0,0,0,1,0,0,0,0,0,0,0,0,0,0,0,0,0,0,0,0,0,0,0,0,0,0,0,0,0,0,0,0,0,0,0,0
d799a90946a8492eac4fc81f87a26a36,alpha,1,27-05-16,5,8%,alpha1,13%,0%,14%,0%,1,1,0,0,0,0,0,0,0,0,0,0,0,0,0,0,1,0,0,0,0,0,0,0,0,0,0,0,0,0,0,0,0,0,0,0,0,0,0,0,0,0,1,0,0,0,1,0,0,0,0,0,0,0,0,0,0,0,0,0
28697d296b054ba3a292bbdc0fe79dd8,alpha,2,27-05-16,26,43%,alpha1,75%,25%,7%,40%,1,1,1,1,1,1,1,0,1,0,1,1,1,1,1,1,1,0,1,0,0,0,1,1,0,0,1,0,1,0,0,1,0,0,0,0,0,0,0,0,0,1,0,0,0,0,0,0,0,0,1,1,0,0,0,1,0,0,0,1
49a6bec75942470998e6d7762ac8d0dd,alpha,1,27-05-16,5,8%,alpha1,21%,0%,0%,0%,1,1,1,0,0,0,1,0,0,0,1,0,0,0,0,0,0,0,0,0,0,0,0,0,0,0,0,0,0,0,0,0,0,0,0,0,0,0,0,0,0,0,0,0,0,0,0,0,0,0,0,0,0,0,0,0,0,0,0,0
0d99d5b00d864c8eb33e7d0ce6c57edb,alpha,2,27-05-16,20,33%,alpha1,58%,17%,7%,30%,1,0,1,1,1,1,0,0,1,0,1,1,1,1,1,1,1,0,1,0,0,0,0,0,0,0,0,0,0,0,1,0,0,0,0,1,0,0,0,1,0,0,0,0,0,0,0,0,0,0,0,1,0,0,1,0,0,0,1,0
1c232d4e332c4e78aa718d445f66af57,alpha,2,27-05-16,23,38%,alpha1,75%,8%,7%,30%,1,1,1,1,1,1,1,0,1,0,1,1,1,1,1,1,1,1,1,0,0,0,0,1,0,0,0,0,0,0,0,0,0,0,0,1,0,0,0,0,0,1,0,0,0,0,0,0,0,0,0,1,0,1,1,0,0,0,0,0
597693c02d4044f8892eeda2a43264da,alpha,2,27-05-16,33,55%,alpha1,88%,50%,29%,20%,1,1,1,1,1,1,1,1,1,1,1,1,1,1,1,1,1,1,1,0,0,0,1,1,0,1,0,1,1,0,0,1,1,0,1,0,1,0,0,1,1,1,0,0,0,0,0,0,0,0,0,0,1,0,0,0,0,0,1,0
2004e05424724597a432968a1926f301,alpha,1,27-05-16,6,10%,alpha1,17%,17%,0%,0%,1,1,0,0,1,0,0,0,0,0,1,0,0,0,0,0,0,0,0,0,0,0,0,0,0,0,0,0,0,0,0,0,1,0,1,0,0,0,0,0,0,0,0,0,0,0,0,0,0,0,0,0,0,0,0,0,0,0,0,0
859dfa0a4eba4ed7a0f576c986242a59,alpha,2,27-05-16,38,63%,alpha1,75%,75%,50%,40%,1,1,1,1,1,1,0,0,1,0,1,1,1,1,1,1,1,1,1,0,0,0,1,1,1,1,1,1,1,0,1,0,1,0,1,1,1,0,1,1,1,1,1,0,0,0,1,0,0,0,0,0,0,1,1,1,0,0,0,1
e3d4bf9bc4584260bbd6c061b205d210,alpha,2,27-05-16,26,43%,alpha1,75%,42%,7%,20%,1,1,1,1,1,1,0,1,0,0,1,1,1,1,1,1,1,1,1,0,0,0,1,1,0,1,0,0,0,0,1,1,1,0,0,1,0,0,0,1,0,0,0,0,0,0,0,0,0,0,1,0,1,0,0,0,0,0,0,0
0eea0de003f54d92b52cf2950478099a,alpha,1,27-05-16,13,22%,alpha1,29%,8%,14%,30%,1,0,1,0,0,0,1,0,1,0,1,0,0,0,0,1,0,1,0,0,0,0,0,0,0,0,0,0,0,0,0,0,0,0,0,1,0,0,0,1,0,1,0,0,0,0,0,0,0,0,0,1,0,0,1,0,0,1,0,0
00855a2465774deda66c0417e16c4a38,alpha,2,27-05-16,13,22%,alpha1,38%,8%,21%,0%,1,1,1,1,1,0,1,0,0,0,1,0,0,0,0,0,0,1,1,0,0,0,0,0,0,0,0,0,0,0,0,0,0,1,0,0,1,0,0,1,0,0,1,0,0,0,0,0,0,0,0,0,0,0,0,0,0,0,0,0
e12d55f4172a42a5bce8d8446bdcbe15,alpha,2,27-05-16,27,45%,alpha1,71%,25%,29%,30%,1,1,0,1,1,1,1,0,1,0,1,1,1,1,0,1,1,1,1,0,0,0,1,1,0,0,0,1,0,0,0,1,1,0,0,0,0,0,0,1,1,1,1,0,0,0,0,0,0,0,0,1,0,0,1,0,0,0,1,0
be0a54b2158740c08105cf2ac2a132a8,alpha,2,27-05-16,33,55%,alpha1,83%,75%,7%,30%,1,1,1,1,1,1,1,1,1,0,1,1,1,1,1,1,1,1,1,0,0,0,1,1,1,1,1,1,1,0,1,0,1,0,1,1,0,0,0,0,0,0,0,0,0,0,1,0,0,0,0,0,0,1,1,1,0,0,0,0
e88ac3c5dd4a42dcb6fd9dd1a46342aa,alpha,1,27-05-16,41,68%,alpha1,83%,75%,29%,80%,1,1,1,1,1,1,1,0,1,1,1,1,0,1,1,1,1,1,1,1,1,0,1,0,1,1,1,1,0,1,1,1,1,0,1,0,1,0,0,1,1,0,0,0,0,0,1,0,0,0,1,1,0,1,1,1,1,0,1,1
ecac0f2734ba4e29bbf6b21057d144b3,alpha,2,27-05-16,29,48%,alpha1,79%,8%,29%,50%,1,1,1,1,1,1,1,1,1,1,1,1,1,1,0,1,0,0,1,1,0,0,1,1,0,0,1,0,0,0,0,0,0,0,0,0,0,0,0,0,1,1,1,0,0,0,1,0,0,0,1,1,1,0,0,0,1,0,1,0
cb8fe52187204e2f8e86d64326bd03b3,alpha,2,27-05-16,35,58%,alpha1,83%,50%,43%,30%,1,1,1,1,1,1,1,1,1,0,1,1,1,1,1,1,1,1,1,1,0,0,1,0,1,0,0,1,1,0,0,1,1,0,1,0,1,1,1,1,1,0,0,0,0,0,1,0,0,0,0,1,0,0,0,0,1,0,0,1
07e37ce1c2194302ab0e51857755e7e3,alpha,2,27-05-16,2,3%,alpha1,8%,0%,0%,0%,0,0,1,0,0,1,0,0,0,0,0,0,0,0,0,0,0,0,0,0,0,0,0,0,0,0,0,0,0,0,0,0,0,0,0,0,0,0,0,0,0,0,0,0,0,0,0,0,0,0,0,0,0,0,0,0,0,0,0,0
31b8d3ef824146c3a92e0cdb0f874454,alpha,1,27-05-16,10,17%,alpha1,42%,0%,0%,0%,1,1,1,1,1,1,0,0,0,0,1,1,0,1,0,1,0,0,0,0,0,0,0,0,0,0,0,0,0,0,0,0,0,0,0,0,0,0,0,0,0,0,0,0,0,0,0,0,0,0,0,0,0,0,0,0,0,0,0,0
d8abbb74c15f4058a86a781f1484e0aa,alpha,1,27-05-16,14,23%,alpha1,50%,8%,0%,10%,1,1,1,1,1,1,1,0,1,0,1,1,0,1,0,0,0,0,0,0,0,0,0,1,0,0,0,0,0,0,0,0,0,1,0,0,0,0,0,0,0,0,0,0,0,0,0,0,0,0,0,0,0,0,0,0,0,1,0,0
b5aa2f0720764d2a87d67ecb68f764d6,alpha,2,27-05-16,26,43%,alpha1,67%,33%,7%,50%,1,1,1,1,1,1,1,0,1,0,1,1,1,1,0,1,0,1,0,0,1,0,0,1,0,1,0,0,1,0,1,0,0,0,1,0,0,0,0,0,0,0,0,0,1,0,0,0,0,0,0,1,0,0,1,1,0,1,0,1
43d8f91c09ef45f5820886c38d5a3df0,alpha,2,27-05-16,50,83%,alpha1,96%,92%,71%,60%,1,1,1,1,1,1,1,1,1,1,1,1,1,1,1,1,1,1,1,1,1,0,1,1,1,1,1,1,1,1,1,1,1,0,1,1,1,1,1,1,0,1,1,1,1,0,1,1,0,0,0,1,1,0,1,1,0,0,1,1
03d1f191d9364eb299679e6e0e3dc239,alpha,3,27-05-16,46,77%,alpha1,96%,33%,79%,80%,1,1,1,1,1,1,1,1,1,1,1,1,1,1,1,1,1,1,1,1,1,0,1,1,0,0,0,1,0,1,0,0,1,0,1,0,1,1,1,1,1,1,1,0,1,0,1,1,0,1,1,1,1,1,1,1,0,0,1,1
56bbc3cabcb84f56a88401ae4102d086,alpha,1,27-05-16,20,33%,alpha1,63%,17%,0%,30%,1,1,1,1,1,1,1,0,0,0,1,1,1,1,1,1,0,0,1,0,0,0,1,0,0,0,1,0,0,0,0,0,1,0,0,0,0,0,0,0,0,0,0,0,0,0,0,0,0,0,0,1,0,0,1,1,0,0,0,0
7eb6a1ec6e644dec892f961f3037af15,alpha,1,27-05-16,19,32%,alpha1,58%,17%,7%,20%,1,1,1,1,1,1,1,0,1,0,1,0,0,1,1,1,1,0,1,0,0,0,0,0,0,0,0,1,0,0,0,1,0,0,0,0,0,0,0,0,0,1,0,0,0,0,0,0,0,0,0,1,0,0,0,0,0,0,1,0
184212af6d9440778220b8ac51cb218c,alpha,3,27-05-16,37,62%,alpha1,88%,42%,50%,40%,1,1,1,1,1,1,1,1,1,0,1,1,1,1,1,1,1,1,1,0,1,0,1,1,0,0,0,1,0,0,1,1,1,0,1,0,1,1,0,1,1,1,1,0,0,0,1,0,0,0,0,1,1,1,0,0,0,0,1,0
864360a10a384323a763bda2e73c1fc9,alpha,2,27-05-16,19,32%,alpha1,58%,17%,7%,20%,1,1,1,1,1,1,0,0,1,0,1,1,1,1,0,1,0,0,1,0,0,0,1,0,1,1,0,0,0,0,0,0,0,0,0,0,0,0,0,0,0,0,0,0,0,0,1,0,0,0,0,1,0,0,1,0,0,0,0,0
adc9134430484105ad3cf591d70dac80,alpha,2,27-05-16,27,45%,alpha1,71%,33%,14%,40%,1,1,1,1,1,1,1,0,1,0,1,1,1,1,1,1,1,1,1,0,0,0,0,0,1,1,0,0,0,0,1,0,0,0,1,0,1,0,0,0,0,0,1,0,0,0,0,0,0,0,0,1,0,0,0,0,0,1,1,1
495c34351b054e0c8ad87befd9fcd079,alpha,2,27-05-16,15,25%,alpha1,46%,17%,7%,10%,1,1,1,0,1,0,1,0,1,0,1,1,0,1,1,1,0,0,0,0,0,0,0,0,1,0,0,1,0,0,0,0,0,0,0,0,0,0,0,0,0,1,0,0,0,0,0,0,0,0,0,0,0,0,1,0,0,0,0,0
8f78649db0164462b3b688f144c4d32e,alpha,2,27-05-16,11,18%,alpha1,38%,8%,0%,10%,1,1,1,0,1,1,0,0,0,0,1,1,0,0,0,1,1,0,0,0,0,0,0,0,0,0,0,0,0,0,0,0,0,0,0,1,0,0,0,0,0,0,0,0,0,0,0,0,0,0,0,0,0,0,0,0,0,1,0,0
c53ffd6d8916469a9c42dc736ca591cc,alpha,2,27-05-16,24,40%,alpha1,58%,25%,21%,40%,1,1,0,0,1,1,1,1,1,0,1,1,0,1,0,1,0,0,1,0,0,0,1,1,0,0,1,0,0,0,0,0,1,0,1,0,0,1,0,0,1,0,0,0,0,0,1,0,0,0,0,0,0,0,1,1,0,0,1,1
735d7e7c8e354078b64b372336ef6256,alpha,2,27-05-16,25,42%,alpha1,71%,42%,7%,20%,1,1,1,1,1,1,1,0,1,0,1,1,1,1,1,1,0,0,1,0,0,0,1,1,0,1,0,1,1,0,0,0,1,0,0,1,0,0,0,0,0,0,1,0,0,0,0,0,0,0,0,0,0,0,1,1,0,0,0,0
cfc8224dc9c64453a31887bc336f0999,alpha,2,27-05-16,37,62%,alpha1,92%,42%,50%,30%,1,1,1,1,1,1,1,1,1,1,1,1,1,1,1,1,0,1,1,1,1,0,1,1,1,0,0,0,1,0,0,1,1,0,1,0,0,1,1,1,0,1,1,1,0,0,1,0,0,0,1,0,1,0,0,0,1,0,0,0
a600761f44ee4293bdc9eed7c7fa07e4,alpha,1,27-05-16,11,18%,alpha1,42%,8%,0%,0%,1,1,1,1,0,1,1,0,1,0,1,1,0,0,0,0,0,0,1,0,0,0,0,0,0,0,0,0,0,0,0,0,0,1,0,0,0,0,0,0,0,0,0,0,0,0,0,0,0,0,0,0,0,0,0,0,0,0,0,0
9b4d25405f07452882ac1bb306b85f9c,alpha,2,27-05-16,34,57%,alpha1,88%,33%,36%,40%,1,1,1,1,1,1,1,1,1,1,1,1,1,1,1,1,1,1,1,0,0,0,1,1,0,0,0,0,0,1,1,1,1,0,0,0,1,0,1,1,1,0,1,0,0,0,0,0,0,0,0,0,0,1,1,1,0,0,1,0
98f71688c25141b7a4c7464c22d9df30,alpha,2,27-05-16,7,12%,alpha1,25%,8%,0%,0%,1,1,0,1,1,1,0,0,0,0,0,1,0,0,0,0,0,0,0,0,0,0,0,0,0,0,0,0,0,1,0,0,0,0,0,0,0,0,0,0,0,0,0,0,0,0,0,0,0,0,0,0,0,0,0,0,0,0,0,0
b4ac544695ca47cdb880c7365e3770f4,alpha,1,27-05-16,10,17%,alpha1,38%,8%,0%,0%,1,0,0,0,1,1,0,0,1,0,1,1,0,1,1,0,1,0,0,0,0,0,0,0,0,0,0,1,0,0,0,0,0,0,0,0,0,0,0,0,0,0,0,0,0,0,0,0,0,0,0,0,0,0,0,0,0,0,0,0
da479053006740ec89206457294b2f66,alpha,2,27-05-16,8,13%,alpha1,29%,0%,7%,0%,1,1,1,1,1,0,0,0,0,0,1,0,0,0,0,0,0,0,1,0,0,0,0,0,0,0,0,0,0,0,0,0,0,0,0,0,0,0,0,0,0,0,1,0,0,0,0,0,0,0,0,0,0,0,0,0,0,0,0,0
14c39f026fd74e8f82e5edb484f489b5,alpha,2,27-05-16,24,40%,alpha1,67%,33%,7%,30%,1,1,1,1,1,1,1,0,1,0,1,1,0,1,1,1,1,1,1,0,0,0,0,0,0,1,0,0,1,0,0,0,1,0,1,0,0,0,0,0,0,1,0,0,0,0,0,0,0,0,0,0,0,0,1,0,0,1,0,1
ce0391383227430bbdd508f768262c49,alpha,1,27-05-16,7,12%,alpha1,25%,8%,0%,0%,1,0,0,1,1,1,0,0,1,0,1,0,0,0,0,0,0,0,0,0,0,0,0,0,0,0,0,1,0,0,0,0,0,0,0,0,0,0,0,0,0,0,0,0,0,0,0,0,0,0,0,0,0,0,0,0,0,0,0,0
e43ddfd68bad46a0ba80bf56e9566dd2,alpha,2,27-05-16,21,35%,alpha1,54%,33%,0%,40%,1,1,1,1,1,1,1,0,1,0,0,1,0,1,0,1,0,1,1,0,0,0,0,0,0,0,0,1,0,0,1,0,1,0,1,0,0,0,0,0,0,0,0,0,0,0,0,0,0,0,1,0,1,1,0,1,0,0,0,0
1a9828e5ac21406ca87e662b44b7b5f4,alpha,2,26-05-16,17,28%,alpha1,58%,8%,0%,20%,1,1,1,1,1,1,1,0,1,0,1,1,1,1,0,0,0,1,1,0,0,0,0,0,0,0,0,0,0,0,0,0,1,0,0,0,0,0,0,0,0,0,0,0,0,0,0,0,0,0,0,1,0,0,1,0,0,0,0,0
a85d3326aee5408ca8d5a63aa45fa9a5,alpha,2,26-05-16,17,28%,alpha1,54%,25%,0%,10%,1,1,1,0,0,1,1,0,1,0,1,1,0,1,0,1,1,1,1,0,0,0,0,0,0,0,0,0,0,0,1,0,1,1,0,0,0,0,0,0,0,0,0,0,0,0,0,0,0,0,0,0,0,0,0,0,0,1,0,0
5cc33e1d938443e3ac701d8194b5961d,alpha,2,26-05-16,17,28%,alpha1,63%,17%,0%,0%,1,1,1,1,1,1,1,0,1,0,1,1,1,1,1,1,0,0,1,0,0,0,0,0,0,0,0,1,0,0,0,1,0,0,0,0,0,0,0,0,0,0,0,0,0,0,0,0,0,0,0,0,0,0,0,0,0,0,0,0
11cf77234fc94f06b67f2230bd5da4ec,alpha,2,26-05-16,17,28%,alpha1,58%,8%,0%,20%,1,1,1,1,1,1,1,0,1,0,1,1,1,1,0,0,0,1,1,0,0,0,0,0,0,0,0,0,0,0,0,0,1,0,0,0,0,0,0,0,0,0,0,0,0,0,0,0,0,0,0,1,0,0,1,0,0,0,0,0
d82a347ede984f6eb56c531763ac9917,alpha,2,26-05-16,23,38%,alpha1,75%,33%,7%,0%,1,1,1,1,1,1,1,1,1,0,1,1,1,1,0,1,1,1,1,0,0,0,0,1,0,0,0,0,0,0,0,1,1,0,1,1,1,0,0,0,0,0,0,0,0,0,0,0,0,0,0,0,0,0,0,0,0,0,0,0
090589114a3a4f7f9f9f9c3389b74814,alpha,2,26-05-16,11,18%,alpha1,38%,17%,0%,0%,1,1,1,0,1,1,1,0,0,0,1,1,0,1,0,0,0,0,0,0,0,0,0,0,0,0,0,0,0,0,0,0,1,1,0,0,0,0,0,0,0,0,0,0,0,0,0,0,0,0,0,0,0,0,0,0,0,0,0,0
ab13373be4884aabbfb3430969999125,alpha,1,26-05-16,11,18%,alpha1,46%,0%,0%,0%,1,1,1,1,0,1,1,0,1,0,0,1,0,1,1,1,0,0,0,0,0,0,0,0,0,0,0,0,0,0,0,0,0,0,0,0,0,0,0,0,0,0,0,0,0,0,0,0,0,0,0,0,0,0,0,0,0,0,0,0
c684e988351847e8a7b7c004c56b0a2e,alpha,1,26-05-16,12,20%,alpha1,38%,17%,0%,10%,0,1,1,1,1,1,1,0,0,0,1,1,0,0,0,0,0,1,0,0,0,0,0,0,1,0,0,0,0,0,0,0,0,0,0,1,0,0,0,0,0,0,0,0,0,0,0,0,0,0,0,0,0,0,0,0,0,1,0,0
f183571b71c3403a87529b1a532dd0ea,alpha,1,26-05-16,13,22%,alpha1,54%,0%,0%,0%,1,1,0,1,1,1,1,0,1,0,1,1,0,1,0,1,0,1,1,0,0,0,0,0,0,0,0,0,0,0,0,0,0,0,0,0,0,0,0,0,0,0,0,0,0,0,0,0,0,0,0,0,0,0,0,0,0,0,0,0
481c6585f21642c9ad88fe34561b2c87,alpha,2,26-05-16,13,22%,alpha1,54%,0%,0%,0%,1,1,1,1,1,1,1,0,1,0,1,0,0,1,0,1,0,1,1,0,0,0,0,0,0,0,0,0,0,0,0,0,0,0,0,0,0,0,0,0,0,0,0,0,0,0,0,0,0,0,0,0,0,0,0,0,0,0,0,0
5df8df0e908040c09976014ea49fd6b5,alpha,1,26-05-16,14,23%,alpha1,58%,0%,0%,0%,1,1,1,1,1,1,1,0,1,0,1,1,0,1,0,1,0,1,1,0,0,0,0,0,0,0,0,0,0,0,0,0,0,0,0,0,0,0,0,0,0,0,0,0,0,0,0,0,0,0,0,0,0,0,0,0,0,0,0,0
efd84b40ea514039a2265aacc54efeda,alpha,1,26-05-16,14,23%,alpha1,38%,8%,14%,20%,1,1,1,1,1,0,0,0,1,0,1,0,1,0,0,1,0,0,0,0,0,0,0,0,1,0,0,0,0,0,0,0,0,0,0,0,1,0,0,0,0,1,0,0,0,0,0,0,0,0,0,1,0,0,1,0,0,0,0,0
5786e0abf08746e1b9954570354cd074,alpha,2,26-05-16,19,32%,alpha1,54%,33%,7%,10%,1,1,1,1,1,1,1,0,1,0,1,1,0,0,0,1,0,1,1,0,0,0,0,0,0,0,0,0,0,0,1,1,1,1,0,0,0,0,0,0,0,1,0,0,0,0,0,0,0,0,0,0,0,0,0,0,0,0,1,0
45d0aac011004e4f8554547a8f713e30,alpha,2,26-05-16,19,32%,alpha1,58%,17%,7%,20%,1,1,1,1,1,1,1,1,1,0,1,1,0,0,0,1,0,1,1,0,0,0,0,0,0,0,0,0,0,0,1,0,1,0,0,0,0,0,0,0,0,1,0,0,0,0,0,0,0,0,0,0,0,0,0,0,0,0,1,1
6ae507d36d4b404ca812be03b7f67487,alpha,2,26-05-16,6,10%,alpha1,21%,0%,7%,0%,1,1,0,0,1,0,0,0,0,0,0,0,0,1,0,0,0,0,1,0,0,0,0,0,0,0,0,0,0,0,0,0,0,0,0,0,0,0,0,0,0,0,1,0,0,0,0,0,0,0,0,0,0,0,0,0,0,0,0,0
6a1924e6112f4a72be2f142bb9d8b147,alpha,2,26-05-16,24,40%,alpha1,71%,8%,0%,60%,1,1,1,1,1,1,0,1,1,0,1,1,1,1,0,1,0,1,1,1,1,0,0,0,0,0,0,0,0,0,1,0,0,0,0,0,0,0,0,0,0,0,0,0,0,0,0,0,0,0,1,1,1,1,1,1,0,0,0,0
0a24f5acd396418f9c208c380d462721,alpha,1,26-05-16,32,53%,alpha1,92%,42%,14%,30%,1,1,1,0,1,1,1,1,1,0,1,1,1,1,1,1,1,1,1,1,1,1,1,1,1,0,1,0,0,1,1,0,1,0,0,0,0,0,0,0,1,1,0,0,0,0,0,0,0,0,0,1,1,0,0,1,0,0,0,0
efd6a1f1f788462595084875ee13a21f,alpha,2,26-05-16,25,42%,alpha1,67%,33%,7%,40%,1,1,1,1,1,1,1,1,0,0,1,1,1,1,0,1,0,1,0,1,1,0,0,0,0,1,0,0,0,1,1,0,1,0,0,0,0,0,0,0,0,1,0,0,0,0,0,0,0,0,0,1,1,1,0,1,0,0,0,0
5f3bd549bb484586a0d7eb217e28b908,alpha,2,26-05-16,33,55%,alpha1,92%,42%,21%,30%,1,1,1,1,1,1,1,1,1,0,1,1,1,1,0,1,1,1,1,1,1,1,1,1,1,0,1,0,0,1,1,0,1,0,0,0,0,0,0,0,1,1,0,0,0,0,0,0,0,1,0,1,0,1,0,1,0,0,0,0
2a0253f18aee48cdb11fff67488bcb43,alpha,2,26-05-16,35,58%,alpha1,96%,42%,21%,40%,1,1,1,1,1,1,1,1,1,0,1,1,1,1,1,1,1,1,1,1,1,1,1,1,1,0,1,0,0,1,1,0,1,0,0,0,0,0,0,0,1,1,0,0,0,0,0,0,0,1,0,1,1,1,0,1,0,0,0,0
36d8e6821d3e44878bb33e2712f00bad,alpha,2,26-05-16,30,50%,alpha1,88%,33%,21%,20%,1,1,1,1,1,1,0,1,1,0,1,1,1,1,1,1,0,1,1,1,1,1,1,1,1,0,1,0,0,0,1,0,1,0,0,0,0,0,0,0,1,1,0,0,0,0,0,0,0,1,0,1,0,0,0,1,0,0,0,0
36a698c8bc1f481f8976d9bda3bd2b6d,alpha,2,26-05-16,14,23%,alpha1,50%,17%,0%,0%,1,1,1,1,1,1,1,0,1,0,1,1,0,1,0,0,0,0,1,0,0,0,0,0,0,0,1,0,0,0,1,0,0,0,0,0,0,0,0,0,0,0,0,0,0,0,0,0,0,0,0,0,0,0,0,0,0,0,0,0
881d9f3a9c564ff6b0f7e669bb9ba920,alpha,1,26-05-16,9,15%,alpha1,25%,17%,7%,0%,1,0,1,0,0,0,0,0,0,0,0,0,0,0,1,1,1,0,1,0,0,0,0,0,0,0,0,0,0,0,1,0,0,1,0,0,0,0,0,0,0,0,1,0,0,0,0,0,0,0,0,0,0,0,0,0,0,0,0,0
086e3a571b04427bb18c3d09163b4b58,alpha,2,26-05-16,19,32%,alpha1,58%,25%,7%,10%,1,1,1,1,1,1,1,0,1,0,1,1,1,1,0,0,0,0,0,1,0,0,1,0,1,0,0,0,0,1,1,0,0,0,0,0,0,0,0,0,0,1,0,0,0,0,0,0,0,0,0,0,0,0,0,0,0,1,0,0
aae9223380774c81ac582082d11113ea,alpha,2,26-05-16,16,27%,alpha1,42%,33%,14%,0%,1,1,1,1,1,1,1,0,1,0,1,1,0,0,0,0,0,0,0,0,0,0,0,0,1,0,0,1,0,0,1,0,0,1,0,0,0,0,0,1,0,0,1,0,0,0,0,0,0,0,0,0,0,0,0,0,0,0,0,0
a0d5520c44ec4f50921e4ea41629aa46,alpha,2,26-05-16,6,10%,alpha1,25%,0%,0%,0%,1,0,0,0,0,0,0,0,1,0,1,0,0,0,0,1,1,0,1,0,0,0,0,0,0,0,0,0,0,0,0,0,0,0,0,0,0,0,0,0,0,0,0,0,0,0,0,0,0,0,0,0,0,0,0,0,0,0,0,0
2030db9c6b7f4acd991cf2d7ff49b2bb,alpha,1,26-05-16,9,15%,alpha1,38%,0%,0%,0%,1,1,1,1,1,0,0,1,1,0,1,1,0,0,0,0,0,0,0,0,0,0,0,0,0,0,0,0,0,0,0,0,0,0,0,0,0,0,0,0,0,0,0,0,0,0,0,0,0,0,0,0,0,0,0,0,0,0,0,0
b4bf669169ec45eda3eecac2b1221cfb,alpha,2,26-05-16,19,32%,alpha1,63%,17%,0%,20%,1,1,0,1,1,1,1,0,1,0,1,1,1,1,0,1,0,1,1,0,0,0,1,0,0,0,0,0,0,0,1,0,1,0,0,0,0,0,0,0,0,0,0,0,0,0,0,0,0,0,0,1,0,0,1,0,0,0,0,0
6146e2b53ece44c9bca602c2d6a5a10a,alpha,2,26-05-16,26,43%,alpha1,50%,50%,36%,30%,1,1,0,1,1,1,0,0,0,1,0,1,0,1,0,1,0,1,1,1,0,0,0,0,1,0,0,0,0,0,1,1,1,0,1,1,1,0,0,0,0,0,1,0,0,0,1,1,0,1,0,0,0,0,0,0,0,1,1,1
2dc027f25cb343e890f2b2821c5c565a,alpha,2,26-05-16,30,50%,alpha1,71%,67%,7%,40%,1,0,1,1,1,1,1,1,1,0,0,1,1,1,1,1,0,1,1,1,1,0,0,0,1,1,0,1,1,1,0,0,1,0,1,1,0,0,0,0,1,0,0,0,0,0,0,0,0,0,0,0,0,1,1,0,0,1,1,0
7d5a679594cf4f8e87946354adab6e21,alpha,2,26-05-16,15,25%,alpha1,46%,17%,7%,10%,1,1,1,1,1,1,0,0,1,0,1,1,0,0,0,1,0,0,1,0,0,0,0,0,0,0,1,1,0,0,0,0,0,0,0,0,1,0,0,0,0,0,0,0,0,0,0,0,0,0,0,0,0,0,0,0,0,1,0,0
33d5f3f0a0f2451d8f637b81eedc8562,alpha,2,26-05-16,26,43%,alpha1,79%,8%,7%,50%,1,1,1,1,1,1,1,1,1,0,1,1,1,1,1,1,0,1,1,1,1,0,0,0,0,0,0,0,0,0,1,0,0,0,0,0,0,0,0,0,0,0,0,0,1,0,0,0,0,0,0,1,1,1,0,1,0,0,1,0
34245e15758d4cfd83d753a24fdf4b55,alpha,2,26-05-16,17,28%,alpha1,50%,33%,7%,0%,1,1,0,1,1,0,1,0,0,1,1,1,1,1,0,1,0,0,1,0,0,0,0,0,1,0,0,0,0,0,1,0,1,1,0,0,0,0,0,1,0,0,0,0,0,0,0,0,0,0,0,0,0,0,0,0,0,0,0,0
f5613ffac94c4a108512e503615235f8,alpha,2,26-05-16,12,20%,alpha1,50%,0%,0%,0%,1,1,1,1,0,0,1,0,1,1,1,1,1,1,0,0,0,0,1,0,0,0,0,0,0,0,0,0,0,0,0,0,0,0,0,0,0,0,0,0,0,0,0,0,0,0,0,0,0,0,0,0,0,0,0,0,0,0,0,0
4761648e80a6420d84057032a996b089,alpha,2,26-05-16,12,20%,alpha1,46%,8%,0%,0%,1,1,1,1,0,1,1,0,0,0,1,1,0,0,0,1,0,0,1,0,0,0,1,0,0,0,0,0,0,0,1,0,0,0,0,0,0,0,0,0,0,0,0,0,0,0,0,0,0,0,0,0,0,0,0,0,0,0,0,0
eefff3828a8849f28c875d94dc4184e0,alpha,2,26-05-16,31,52%,alpha1,79%,75%,0%,30%,1,1,1,1,1,1,1,1,1,0,1,1,1,1,1,1,0,1,1,1,1,0,0,0,1,1,0,0,1,1,1,1,1,0,1,1,0,0,0,0,0,0,0,0,0,0,0,0,0,0,0,1,0,1,1,0,0,0,0,0
a6832a7ba86040b29c6049633dd9ad6c,alpha,2,26-05-16,11,18%,alpha1,46%,0%,0%,0%,1,1,1,0,1,1,1,0,0,0,1,1,1,0,0,1,0,0,1,0,0,0,0,0,0,0,0,0,0,0,0,0,0,0,0,0,0,0,0,0,0,0,0,0,0,0,0,0,0,0,0,0,0,0,0,0,0,0,0,0
dade268cb03643038689e9fd3871ef60,alpha,2,26-05-16,20,33%,alpha1,75%,8%,0%,10%,1,1,1,1,1,1,1,1,1,0,1,1,0,1,1,1,1,0,1,1,1,0,0,0,0,0,0,0,0,0,1,0,0,0,0,0,0,0,0,0,0,0,0,0,0,0,0,0,0,0,0,0,0,1,0,0,0,0,0,0
11bfbfcd047b4e7991e218e4ff531209,alpha,2,26-05-16,18,30%,alpha1,63%,25%,0%,0%,1,1,1,0,0,1,0,1,1,0,1,1,0,1,1,1,0,1,1,1,1,0,0,0,0,0,0,0,0,0,1,1,1,0,0,0,0,0,0,0,0,0,0,0,0,0,0,0,0,0,0,0,0,0,0,0,0,0,0,0
d3153050582146afbadf2e03b8925bac,alpha,2,26-05-16,16,27%,alpha1,58%,17%,0%,0%,1,1,1,1,1,1,1,0,1,0,1,0,0,1,0,1,0,1,0,1,1,0,0,0,0,1,1,0,0,0,0,0,0,0,0,0,0,0,0,0,0,0,0,0,0,0,0,0,0,0,0,0,0,0,0,0,0,0,0,0
849616b6f85342959b7177633095ebd7,alpha,2,26-05-16,8,13%,alpha1,29%,8%,0%,0%,1,1,0,1,0,1,0,0,0,0,1,1,0,0,0,0,0,0,1,0,0,0,0,0,1,0,0,0,0,0,0,0,0,0,0,0,0,0,0,0,0,0,0,0,0,0,0,0,0,0,0,0,0,0,0,0,0,0,0,0
0f946f77add24821b3dcaec5b6db239c,alpha,1,26-05-16,11,18%,alpha1,42%,8%,0%,0%,1,1,1,1,1,0,1,0,1,0,0,1,0,1,0,0,0,1,0,0,0,0,0,0,0,0,0,0,0,0,1,0,0,0,0,0,0,0,0,0,0,0,0,0,0,0,0,0,0,0,0,0,0,0,0,0,0,0,0,0
dcd142ae0ad74c8f8cf34a89469ecfae,alpha,4,26-05-16,21,35%,alpha1,75%,25%,0%,0%,1,1,1,1,1,1,1,1,1,0,1,1,1,1,0,1,1,1,1,0,0,0,0,1,0,0,0,0,0,0,0,0,1,0,1,1,0,0,0,0,0,0,0,0,0,0,0,0,0,0,0,0,0,0,0,0,0,0,0,0
57f681d62c524d288ac4fc065f838c90,alpha,1,26-05-16,10,17%,alpha1,42%,0%,0%,0%,1,1,1,1,1,1,0,0,0,0,1,1,1,0,0,1,0,0,0,0,0,0,0,0,0,0,0,0,0,0,0,0,0,0,0,0,0,0,0,0,0,0,0,0,0,0,0,0,0,0,0,0,0,0,0,0,0,0,0,0
c5cdb5a657a64605b5077a2d60f89cef,alpha,2,26-05-16,14,23%,alpha1,54%,0%,7%,0%,1,1,0,1,1,1,0,0,0,0,1,0,1,1,1,1,1,1,1,0,0,0,0,0,0,0,0,0,0,0,0,0,0,0,0,0,0,0,0,1,0,0,0,0,0,0,0,0,0,0,0,0,0,0,0,0,0,0,0,0
e05e328559fb4266b47c2763cc386478,alpha,2,26-05-16,8,13%,alpha1,33%,0%,0%,0%,1,1,0,1,0,0,0,0,1,0,1,0,0,1,0,0,0,1,1,0,0,0,0,0,0,0,0,0,0,0,0,0,0,0,0,0,0,0,0,0,0,0,0,0,0,0,0,0,0,0,0,0,0,0,0,0,0,0,0,0
183a65e5899e441583116c5740b06493,alpha,2,26-05-16,16,27%,alpha1,63%,0%,7%,0%,1,1,1,1,1,1,1,0,1,0,1,1,0,1,1,1,0,1,1,0,0,0,0,0,0,0,0,0,0,0,0,0,0,0,0,0,0,0,0,0,0,1,0,0,0,0,0,0,0,0,0,0,0,0,0,0,0,0,0,0
fbd7a7b174ea4dbcb2e2527eb51a9109,alpha,1,26-05-16,14,23%,alpha1,54%,8%,0%,0%,1,1,1,1,1,0,1,0,1,0,1,1,1,1,0,1,0,1,0,0,0,0,0,0,0,0,0,0,0,0,1,0,0,0,0,0,0,0,0,0,0,0,0,0,0,0,0,0,0,0,0,0,0,0,0,0,0,0,0,0
dbd412e7168744ae80ed87470b3ebcfa,alpha,1,26-05-16,17,28%,alpha1,63%,0%,7%,10%,1,1,1,1,1,1,1,0,1,0,1,1,0,1,1,1,0,1,1,0,0,0,0,0,0,0,0,0,0,0,0,0,0,0,0,0,0,0,0,0,0,1,0,0,0,0,0,0,0,0,0,0,0,0,1,0,0,0,0,0
d06e39acbe2f4e5fa99bf150176a9a42,alpha,2,26-05-16,15,25%,alpha1,63%,0%,0%,0%,1,1,1,1,1,1,1,0,1,0,1,1,0,1,1,1,0,1,1,0,0,0,0,0,0,0,0,0,0,0,0,0,0,0,0,0,0,0,0,0,0,0,0,0,0,0,0,0,0,0,0,0,0,0,0,0,0,0,0,0
0b1baf167dcb448f8b2f581e44dce2c8,alpha,2,26-05-16,16,27%,alpha1,54%,17%,0%,10%,1,1,1,1,1,1,1,0,1,0,1,1,0,1,0,1,0,0,1,0,0,0,0,0,0,0,0,0,0,0,0,0,1,1,0,0,0,0,0,0,0,0,0,0,0,0,0,0,0,0,0,0,0,0,0,0,0,1,0,0
f8173afc1ac64acb95fa6b3aa6c68b6b,alpha,2,26-05-16,14,23%,alpha1,58%,0%,0%,0%,1,1,1,1,1,1,0,0,1,0,1,1,0,1,1,1,0,1,1,0,0,0,0,0,0,0,0,0,0,0,0,0,0,0,0,0,0,0,0,0,0,0,0,0,0,0,0,0,0,0,0,0,0,0,0,0,0,0,0,0
525ecca18ec44af0aacd103be42ca0ca,alpha,2,26-05-16,12,20%,alpha1,33%,8%,0%,30%,1,1,1,0,0,0,0,0,0,0,0,1,1,0,0,1,0,1,1,0,0,0,0,0,0,0,0,0,0,0,0,0,1,0,0,0,0,0,0,0,0,0,0,0,0,0,0,0,0,0,0,0,0,1,1,0,0,1,0,0
f1afaa62b33c41e09b19edfc9a564bc3,alpha,1,26-05-16,10,17%,alpha1,33%,8%,0%,10%,1,1,1,1,0,0,1,0,1,0,1,0,0,1,0,0,0,0,0,0,0,0,0,0,1,0,0,0,0,0,0,0,0,0,0,0,0,0,0,0,0,0,0,0,0,0,0,0,0,0,0,0,0,0,0,0,0,1,0,0
9c9d015e992748bba978d2e713e97432,alpha,2,26-05-16,14,23%,alpha1,54%,8%,0%,0%,1,1,1,1,1,1,0,0,1,0,1,1,0,1,0,1,0,1,1,0,0,0,0,0,0,0,0,0,0,0,0,0,0,0,0,1,0,0,0,0,0,0,0,0,0,0,0,0,0,0,0,0,0,0,0,0,0,0,0,0
acc714b81d5b4e978b41a70c43c4bced,alpha,2,26-05-16,17,28%,alpha1,54%,33%,0%,0%,1,1,1,1,1,1,1,0,1,0,1,1,1,0,0,1,0,1,0,0,0,0,0,0,0,0,0,0,0,1,1,0,1,1,0,0,0,0,0,0,0,0,0,0,0,0,0,0,0,0,0,0,0,0,0,0,0,0,0,0
d122599609db424c84389b9fe22d529b,alpha,1,26-05-16,7,12%,alpha1,29%,0%,0%,0%,1,1,1,0,1,0,0,0,1,0,0,0,0,0,0,1,0,1,0,0,0,0,0,0,0,0,0,0,0,0,0,0,0,0,0,0,0,0,0,0,0,0,0,0,0,0,0,0,0,0,0,0,0,0,0,0,0,0,0,0
45fcb43d18d343b382a14686c218b222,alpha,2,26-05-16,12,20%,alpha1,46%,0%,7%,0%,1,1,0,1,1,1,0,0,1,0,1,1,1,1,0,1,0,0,0,0,0,0,0,0,0,0,0,0,0,0,0,0,0,0,0,0,0,0,0,0,0,1,0,0,0,0,0,0,0,0,0,0,0,0,0,0,0,0,0,0
d4a4b7b855f544b0bedc22a01806cc57,alpha,1,26-05-16,21,35%,alpha1,63%,33%,14%,0%,1,1,1,1,1,1,1,0,1,0,1,1,1,0,0,1,1,1,1,0,0,0,0,0,0,0,0,1,0,1,1,0,1,0,0,0,0,0,0,0,1,1,0,0,0,0,0,0,0,0,0,0,0,0,0,0,0,0,0,0
64bccad199074f889ae6f8032702a04f,alpha,2,26-05-16,14,23%,alpha1,50%,17%,0%,0%,1,1,1,1,1,1,1,0,1,0,1,0,0,0,0,1,1,0,1,0,0,0,0,0,0,0,0,0,0,0,1,0,0,1,0,0,0,0,0,0,0,0,0,0,0,0,0,0,0,0,0,0,0,0,0,0,0,0,0,0
b1ce4d9a5b3d405f917b2486796f4550,alpha,1,26-05-16,10,17%,alpha1,38%,8%,0%,0%,1,1,1,1,1,0,1,0,1,0,1,1,0,0,0,0,0,0,0,0,0,0,0,0,0,0,0,0,0,0,0,0,1,0,0,0,0,0,0,0,0,0,0,0,0,0,0,0,0,0,0,0,0,0,0,0,0,0,0,0
9ae2757ef0464aae93399eb5fc2ca9e5,alpha,2,26-05-16,8,13%,alpha1,29%,8%,0%,0%,1,1,0,1,0,0,0,0,1,0,1,0,0,0,0,1,0,1,0,0,0,0,0,0,0,0,0,0,0,0,1,0,0,0,0,0,0,0,0,0,0,0,0,0,0,0,0,0,0,0,0,0,0,0,0,0,0,0,0,0
402ff7c995f14ce1996d4752fc2fea75,alpha,2,26-05-16,13,22%,alpha1,42%,17%,7%,0%,1,1,0,1,1,1,0,0,0,0,1,1,0,1,0,1,0,0,1,0,0,0,0,0,0,0,0,1,0,0,0,1,0,0,0,0,0,0,0,0,0,0,1,0,0,0,0,0,0,0,0,0,0,0,0,0,0,0,0,0
b923b4d301f64b3594ee3bd3d095192f,alpha,2,26-05-16,10,17%,alpha1,38%,8%,0%,0%,1,1,0,1,1,1,0,0,0,0,1,1,1,0,0,1,0,0,0,0,0,0,0,0,1,0,0,0,0,0,0,0,0,0,0,0,0,0,0,0,0,0,0,0,0,0,0,0,0,0,0,0,0,0,0,0,0,0,0,0
d5f632086f884576bb15257350eb0878,alpha,2,24-05-16,7,12%,alpha2,29%,0%,0%,0%,1,1,1,1,1,0,0,0,0,0,1,0,0,0,0,1,0,0,0,0,0,0,0,0,0,0,0,0,0,0,0,0,0,0,0,0,0,0,0,0,0,0,0,0,0,0,0,0,0,0,0,0,0,0,0,0,0,0,0,0
efffd0d78f7243bfb8374851d1ffee79,alpha,1,24-05-16,11,18%,alpha1,46%,0%,0%,0%,1,1,1,0,0,1,1,0,1,0,1,1,0,0,0,1,0,1,1,0,0,0,0,0,0,0,0,0,0,0,0,0,0,0,0,0,0,0,0,0,0,0,0,0,0,0,0,0,0,0,0,0,0,0,0,0,0,0,0,0
b7c5c24fa5cb4eb69c35143c6160b71a,alpha,2,24-05-16,10,17%,alpha1,42%,0%,0%,0%,0,1,0,0,0,0,0,0,1,1,1,1,0,1,1,1,0,1,1,0,0,0,0,0,0,0,0,0,0,0,0,0,0,0,0,0,0,0,0,0,0,0,0,0,0,0,0,0,0,0,0,0,0,0,0,0,0,0,0,0
3145046f52bd4dc38bb6cbc6fd355554,alpha,1,24-05-16,8,13%,alpha1,29%,0%,7%,0%,1,1,1,1,1,0,0,0,0,0,1,1,0,0,0,0,0,0,0,0,0,0,0,0,0,0,0,0,0,0,0,0,0,0,0,0,0,0,0,0,1,0,0,0,0,0,0,0,0,0,0,0,0,0,0,0,0,0,0,0
a586fd39e68846fababfdab5b05cbd9d,alpha,2,24-05-16,7,12%,alpha1,29%,0%,0%,0%,1,1,1,1,1,0,1,0,0,0,1,0,0,0,0,0,0,0,0,0,0,0,0,0,0,0,0,0,0,0,0,0,0,0,0,0,0,0,0,0,0,0,0,0,0,0,0,0,0,0,0,0,0,0,0,0,0,0,0,0
3d408c91248f4786ae38c59fde61d163,alpha,2,24-05-16,19,32%,alpha1,58%,17%,0%,30%,1,1,1,1,1,1,0,0,1,0,1,1,1,1,0,1,0,1,1,0,0,0,0,0,0,0,0,0,0,0,0,1,1,0,0,0,0,0,0,0,0,0,0,0,0,0,0,0,0,0,0,0,0,0,0,0,0,1,1,1
b06061d75b96494f9d77f62ef4f316c4,alpha,2,24-05-16,14,23%,alpha1,50%,0%,0%,20%,1,1,0,1,1,0,1,0,1,0,1,1,1,0,0,1,0,0,1,0,0,0,0,1,0,0,0,0,0,0,0,0,0,0,0,0,0,0,0,0,0,0,0,0,0,0,0,0,0,0,0,0,0,1,0,0,0,1,0,0
64cf3a96fd604975989ddc48c39f868d,alpha,2,24-05-16,15,25%,alpha1,38%,33%,14%,0%,1,1,1,1,0,0,1,0,1,0,1,0,0,0,0,1,0,0,1,0,0,0,0,0,1,0,0,1,0,0,1,0,1,0,0,0,0,0,0,0,0,0,1,0,0,0,1,0,0,0,0,0,0,0,0,0,0,0,0,0
2ac8a3dd27ce4181bbdb46f02c6aecc7,alpha,2,24-05-16,18,30%,alpha1,58%,17%,14%,0%,1,1,1,1,1,1,1,0,1,0,1,1,1,1,1,0,1,0,0,0,0,0,0,0,0,0,0,1,0,0,1,0,0,0,0,0,0,0,0,1,0,0,1,0,0,0,0,0,0,0,0,0,0,0,0,0,0,0,0,0
9fa4f26c867744b3bec39511a23fd570,alpha,2,24-05-16,16,27%,alpha1,54%,17%,0%,10%,1,1,1,1,1,1,1,0,0,0,1,1,0,0,0,1,0,0,1,0,0,0,1,1,0,0,0,0,0,0,1,0,1,0,0,0,0,0,0,0,0,0,0,0,0,0,0,0,0,0,0,0,0,0,0,0,0,1,0,0
a9bba05308df48f4b49950c91dcdacf9,alpha,2,24-05-16,13,22%,alpha1,50%,8%,0%,0%,1,1,1,1,1,1,0,0,1,0,1,1,0,1,0,1,0,0,1,0,0,0,0,0,0,0,0,1,0,0,0,0,0,0,0,0,0,0,0,0,0,0,0,0,0,0,0,0,0,0,0,0,0,0,0,0,0,0,0,0
bd25826686ae47779d661aa54d834d56,alpha,1,24-05-16,12,20%,alpha1,42%,0%,14%,0%,1,1,1,0,0,0,0,0,0,0,0,0,0,1,1,1,1,1,1,0,0,1,0,0,0,0,0,0,0,0,0,0,0,0,0,0,0,0,0,1,0,0,1,0,0,0,0,0,0,0,0,0,0,0,0,0,0,0,0,0
437c7f98f9844f31abf062c10e482f18,alpha,2,24-05-16,16,27%,alpha1,54%,8%,7%,10%,1,1,1,0,1,1,0,0,1,0,1,1,1,0,0,1,0,0,1,0,0,0,1,1,0,0,0,0,0,0,0,0,1,0,0,0,1,0,0,0,0,0,0,0,0,0,0,0,0,0,0,0,0,0,0,0,0,0,1,0
d34c6e8a7a0643b88752397c4793a47f,alpha,2,24-05-16,4,7%,alpha1,17%,0%,0%,0%,1,1,1,1,0,0,0,0,0,0,0,0,0,0,0,0,0,0,0,0,0,0,0,0,0,0,0,0,0,0,0,0,0,0,0,0,0,0,0,0,0,0,0,0,0,0,0,0,0,0,0,0,0,0,0,0,0,0,0,0
2e8721f1e79340878e4563f79a209344,alpha,2,24-05-16,9,15%,alpha1,29%,0%,7%,10%,1,1,1,1,1,0,0,0,0,0,0,0,0,0,0,1,0,1,0,0,0,0,0,0,0,0,0,0,0,0,0,0,0,0,0,0,0,0,0,1,0,0,0,0,0,0,0,0,0,0,0,0,0,0,0,0,0,1,0,0
f394b770bd014cfea4e21b5865dc2172,alpha,2,24-05-16,10,17%,alpha1,38%,0%,0%,10%,1,1,0,1,1,1,1,0,1,0,0,1,0,0,0,1,0,0,0,0,0,0,0,0,0,0,0,0,0,0,0,0,0,0,0,0,0,0,0,0,0,0,0,0,0,0,0,0,0,0,0,0,0,0,0,0,0,1,0,0
7afd2c836edb462d908c8d18080eb47b,alpha,2,24-05-16,13,22%,alpha1,50%,8%,0%,0%,1,1,1,1,1,0,1,0,1,0,1,1,0,0,0,1,1,0,1,0,0,0,0,0,0,0,0,0,0,0,0,0,0,1,0,0,0,0,0,0,0,0,0,0,0,0,0,0,0,0,0,0,0,0,0,0,0,0,0,0
0e50f0da6fdd4a5e8a73ac328b61b138,alpha,2,24-05-16,10,17%,alpha1,25%,17%,7%,10%,1,1,0,1,1,0,0,0,1,0,0,0,0,0,0,1,0,0,0,0,0,0,0,0,0,0,0,1,0,0,1,0,0,0,0,0,0,0,0,0,0,0,1,0,0,0,0,0,0,0,0,0,0,0,0,0,0,0,1,0
f176018724e3412a9404c05b01ec5a62,alpha,2,24-05-16,25,42%,alpha1,63%,33%,14%,40%,1,1,1,1,0,1,1,0,1,0,1,1,1,1,1,1,0,1,1,0,0,0,0,0,0,0,0,1,0,0,1,1,1,0,0,0,0,0,0,1,0,1,0,0,0,0,0,0,0,0,0,1,0,0,0,0,0,1,1,1
afc79dd03e704e9aa5abdadef188aa7f,alpha,2,24-05-16,18,30%,alpha1,58%,17%,0%,20%,1,1,1,1,0,1,1,0,1,0,1,1,1,0,0,1,0,0,1,0,0,0,1,1,0,0,0,1,0,0,0,0,1,0,0,0,0,0,0,0,0,0,0,0,0,0,0,0,0,0,0,0,0,1,0,0,0,0,1,0
309980798737452eb483ce46943b7702,alpha,2,24-05-16,15,25%,alpha1,50%,25%,0%,0%,1,1,1,1,0,0,1,0,1,0,1,1,0,1,1,1,0,0,1,0,0,0,0,0,0,0,0,1,0,0,1,0,1,0,0,0,0,0,0,0,0,0,0,0,0,0,0,0,0,0,0,0,0,0,0,0,0,0,0,0
5b2b1bf42b294e58882bf34fa1e0f446,alpha,2,24-05-16,17,28%,alpha1,63%,8%,7%,0%,1,1,1,1,1,1,0,1,1,1,1,1,0,1,1,1,0,0,1,0,0,0,0,0,0,0,0,0,0,0,1,0,0,0,0,0,0,0,0,0,0,1,0,0,0,0,0,0,0,0,0,0,0,0,0,0,0,0,0,0
3a04869869ae4484a499c75b49caf056,alpha,1,24-05-16,5,8%,alpha1,21%,0%,0%,0%,1,1,1,1,0,0,0,0,0,0,0,0,0,0,0,1,0,0,0,0,0,0,0,0,0,0,0,0,0,0,0,0,0,0,0,0,0,0,0,0,0,0,0,0,0,0,0,0,0,0,0,0,0,0,0,0,0,0,0,0
1bd3996059d64853a37a2d2c0e51add2,alpha,2,24-05-16,17,28%,alpha1,42%,17%,21%,20%,1,1,1,1,0,1,1,0,1,0,1,1,0,0,0,0,0,0,1,0,0,0,0,0,0,0,0,1,0,0,1,0,0,0,0,0,1,0,0,0,0,1,1,0,0,0,0,0,0,0,0,0,0,0,0,0,0,0,1,1
6888dbf799a849d58b39179a068e3170,alpha,2,24-05-16,7,12%,alpha1,29%,0%,0%,0%,1,1,0,1,1,0,0,0,1,0,0,0,0,1,0,1,0,0,0,0,0,0,0,0,0,0,0,0,0,0,0,0,0,0,0,0,0,0,0,0,0,0,0,0,0,0,0,0,0,0,0,0,0,0,0,0,0,0,0,0
f7389ad9bebf41968ca693268a485e4d,alpha,2,24-05-16,8,13%,alpha1,33%,0%,0%,0%,1,1,1,1,0,1,0,0,1,0,1,0,0,0,1,0,0,0,0,0,0,0,0,0,0,0,0,0,0,0,0,0,0,0,0,0,0,0,0,0,0,0,0,0,0,0,0,0,0,0,0,0,0,0,0,0,0,0,0,0
0ee7dee70b86445a809df16bcf4ebfbd,alpha,2,24-05-16,6,10%,alpha2,25%,0%,0%,0%,1,1,1,1,0,0,1,0,0,0,0,1,0,0,0,0,0,0,0,0,0,0,0,0,0,0,0,0,0,0,0,0,0,0,0,0,0,0,0,0,0,0,0,0,0,0,0,0,0,0,0,0,0,0,0,0,0,0,0,0
beebe30253eb415e8d1e5b106940b886,alpha,1,24-05-16,8,13%,alpha1,8%,33%,14%,0%,1,1,0,0,0,0,0,0,0,0,0,0,0,0,0,0,0,0,0,0,0,0,0,0,1,0,0,1,0,1,1,0,0,0,0,0,0,0,0,1,0,0,1,0,0,0,0,0,0,0,0,0,0,0,0,0,0,0,0,0
846f10ffd4034a9d94ffb51192abb9cb,alpha,2,24-05-16,13,22%,alpha1,50%,8%,0%,0%,1,1,1,1,1,1,1,0,0,0,1,1,1,0,1,1,0,0,0,0,0,0,0,0,1,0,0,0,0,0,0,0,0,0,0,0,0,0,0,0,0,0,0,0,0,0,0,0,0,0,0,0,0,0,0,0,0,0,0,0
e56520be5cbf4abdad96c558fc571ac0,alpha,2,24-05-16,11,18%,alpha1,46%,0%,0%,0%,1,1,1,1,1,0,1,0,1,0,1,0,0,1,0,1,0,0,1,0,0,0,0,0,0,0,0,0,0,0,0,0,0,0,0,0,0,0,0,0,0,0,0,0,0,0,0,0,0,0,0,0,0,0,0,0,0,0,0,0
3ce13e8bff2441df91f5c6f2203b6f72,alpha,1,24-05-16,12,20%,alpha1,50%,0%,0%,0%,1,1,0,1,0,0,0,0,0,0,0,1,0,1,1,1,1,1,1,0,0,0,1,1,0,0,0,0,0,0,0,0,0,0,0,0,0,0,0,0,0,0,0,0,0,0,0,0,0,0,0,0,0,0,0,0,0,0,0,0
7d9ecae94efb4392b2fd6f587b1479e8,alpha,3,24-05-16,11,18%,alpha1,46%,0%,0%,0%,1,1,1,1,1,1,1,0,0,0,1,1,1,0,0,1,0,0,0,0,0,0,0,0,0,0,0,0,0,0,0,0,0,0,0,0,0,0,0,0,0,0,0,0,0,0,0,0,0,0,0,0,0,0,0,0,0,0,0,0
e730c0418f43487b82f7da718d76f542,alpha,2,24-05-16,1,2%,alpha1,4%,0%,0%,0%,0,0,0,0,0,0,0,0,0,0,1,0,0,0,0,0,0,0,0,0,0,0,0,0,0,0,0,0,0,0,0,0,0,0,0,0,0,0,0,0,0,0,0,0,0,0,0,0,0,0,0,0,0,0,0,0,0,0,0,0
65ee809809ce4e00a9a9506e8b4c0399,alpha,2,24-05-16,14,23%,alpha1,38%,17%,21%,0%,1,1,1,1,1,1,1,0,0,0,1,1,0,0,0,0,0,0,0,0,0,0,0,0,0,0,1,0,0,1,0,0,0,0,0,0,1,0,0,1,0,1,0,0,0,0,0,0,0,0,0,0,0,0,0,0,0,0,0,0
3d17942c8bb1462c8df2c40132cfe66b,alpha,2,24-05-16,12,20%,alpha2,42%,8%,7%,0%,1,1,0,1,1,1,0,0,1,0,0,0,0,1,0,1,0,1,1,0,0,0,0,0,0,0,0,0,0,0,0,0,0,1,0,0,0,0,0,0,0,1,0,0,0,0,0,0,0,0,0,0,0,0,0,0,0,0,0,0
a9af8540e2904a0a818776c22f8587aa,alpha,1,24-05-16,8,13%,alpha2,25%,17%,0%,0%,0,1,0,0,0,0,0,0,1,0,0,1,0,1,0,0,1,0,1,0,0,0,0,0,1,0,0,0,0,0,1,0,0,0,0,0,0,0,0,0,0,0,0,0,0,0,0,0,0,0,0,0,0,0,0,0,0,0,0,0
d882ab4a17ec4eaba77653133898504e,alpha,2,24-05-16,12,20%,alpha1,38%,17%,0%,10%,1,1,1,1,1,0,1,0,1,0,1,0,0,0,0,0,0,1,0,0,0,0,0,0,0,0,0,0,0,1,0,0,0,1,0,0,0,0,0,0,0,0,0,0,0,0,0,0,0,0,0,0,0,0,0,0,0,1,0,0
6e666e21085b44f6832e2a2c270ddd27,alpha,2,24-05-16,6,10%,alpha1,21%,8%,0%,0%,1,1,0,1,0,0,0,0,0,0,1,1,0,0,0,0,0,0,0,0,0,0,0,0,0,0,0,1,0,0,0,0,0,0,0,0,0,0,0,0,0,0,0,0,0,0,0,0,0,0,0,0,0,0,0,0,0,0,0,0
e90fa961cb9f419b8ffe9c7d187857c1,alpha,2,24-05-16,6,10%,alpha1,4%,8%,14%,20%,1,0,0,0,0,0,0,0,0,0,0,0,0,0,0,0,0,0,0,0,0,0,0,0,0,0,1,0,0,0,0,0,0,0,0,0,0,0,0,1,0,0,1,0,0,0,0,0,0,0,0,0,0,1,0,0,0,1,0,0
9499a425d1e844e3bbd08d60544bea17,alpha,2,24-05-16,13,22%,alpha1,50%,0%,0%,10%,1,1,1,1,1,1,1,0,1,0,0,0,0,1,1,1,1,0,0,0,0,0,0,0,0,0,0,0,0,0,0,0,0,0,0,0,0,0,0,0,0,0,0,0,0,0,0,0,0,0,0,0,0,0,0,0,0,1,0,0
bf8c4c10b133431cb15c1a5852c3d092,alpha,2,24-05-16,22,37%,alpha1,67%,25%,21%,0%,1,1,1,1,1,1,1,0,1,0,1,1,1,1,1,1,0,0,1,0,0,0,1,0,0,0,0,1,0,0,1,1,0,0,0,0,1,0,0,0,0,0,1,0,1,0,0,0,0,0,0,0,0,0,0,0,0,0,0,0
2fa34e1d196343f59baaa3f76192aedc,alpha,1,24-05-16,16,27%,alpha2,50%,8%,7%,20%,1,1,1,1,1,1,1,0,0,0,1,1,0,0,0,1,0,1,1,0,0,0,0,0,0,0,0,0,0,0,0,0,1,0,0,0,0,0,0,0,0,0,1,0,0,0,0,0,0,0,0,1,0,0,0,0,0,0,0,1
a09b1210c33b4b3f950e431228c94b2d,alpha,2,24-05-16,13,22%,alpha2,46%,0%,14%,0%,1,1,1,1,1,0,1,0,1,0,1,1,0,0,1,0,0,0,1,0,0,0,0,0,0,0,0,0,0,0,0,0,0,0,0,0,0,0,0,1,0,0,1,0,0,0,0,0,0,0,0,0,0,0,0,0,0,0,0,0
d3c6652bdfe240baa07d22525a38f1a3,alpha,2,24-05-16,9,15%,alpha1,33%,0%,7%,0%,1,1,1,1,1,0,1,0,0,0,1,0,0,0,0,0,0,0,1,0,0,0,0,0,0,0,0,0,0,0,0,0,0,0,0,0,0,0,0,0,0,0,0,0,0,0,1,0,0,0,0,0,0,0,0,0,0,0,0,0
9313921c4e234d39a41aa6400086e6cc,alpha,2,24-05-16,9,15%,alpha1,25%,0%,0%,30%,0,0,0,0,0,0,0,0,0,0,0,0,0,1,1,1,1,1,1,0,0,0,0,0,0,0,0,0,0,0,0,0,0,0,0,0,0,0,0,0,0,0,0,0,0,0,0,0,0,0,0,0,0,0,0,0,0,1,1,1
0db4c65b95314b22989468e8fbda6cec,alpha,3,24-05-16,11,18%,alpha1,33%,8%,7%,10%,1,1,1,1,0,1,1,0,0,0,1,1,0,0,0,0,0,0,0,0,0,0,0,0,0,0,0,1,0,0,0,0,0,0,0,0,0,0,0,1,0,0,0,0,0,0,0,0,0,0,0,0,0,0,0,0,0,1,0,0
d010c69659aa4068862a79227073bcb3,alpha,2,24-05-16,15,25%,alpha1,50%,0%,7%,20%,1,1,1,1,1,0,1,0,0,0,1,0,0,0,0,1,1,0,1,0,0,0,1,1,0,0,0,0,0,0,0,0,0,0,0,0,0,0,0,1,0,0,0,0,0,0,0,0,0,0,0,0,0,0,0,0,0,0,1,1
56eb235cd6c74dd59b39a89a7baccbb9,alpha,2,24-05-16,9,15%,alpha2,38%,0%,0%,0%,1,1,0,0,1,1,1,0,0,0,1,1,0,0,0,1,1,0,0,0,0,0,0,0,0,0,0,0,0,0,0,0,0,0,0,0,0,0,0,0,0,0,0,0,0,0,0,0,0,0,0,0,0,0,0,0,0,0,0,0
396df305a6dc409994c2363d34669bb3,alpha,1,24-05-16,15,25%,alpha2,42%,17%,14%,10%,1,1,1,1,1,1,0,0,0,0,1,1,0,0,0,1,0,1,0,0,0,0,0,0,0,0,0,0,0,1,0,0,0,1,0,0,1,0,0,1,0,0,0,0,0,0,0,0,0,0,0,0,0,0,0,0,0,1,0,0
3e19109d1f6a456685bf43c466912fbb,alpha,2,24-05-16,11,18%,alpha2,33%,17%,0%,10%,1,1,0,1,1,0,0,0,0,0,1,1,0,0,0,1,1,0,0,0,0,0,0,0,0,0,1,0,0,1,0,0,0,0,0,0,0,0,0,0,0,0,0,0,0,0,0,0,0,0,0,0,0,0,0,0,0,1,0,0
feb3eb7292c74977a4939cee56787a59,alpha,1,24-05-16,13,22%,alpha1,42%,8%,7%,10%,1,1,1,1,1,1,0,0,0,0,1,1,0,0,0,0,0,1,1,0,0,0,0,0,0,0,0,1,0,0,0,0,0,0,0,0,0,0,0,1,0,0,0,0,0,0,0,0,0,0,0,0,0,0,0,0,0,1,0,0
5086987b2ecd4cc2aa5e13514a7a8d6c,alpha,2,24-05-16,12,20%,alpha1,33%,8%,7%,20%,1,0,1,1,1,1,1,0,0,0,1,1,0,0,0,0,0,0,0,0,0,0,0,0,0,0,0,1,0,0,0,0,0,0,0,0,0,0,0,1,0,0,0,0,0,0,0,0,0,0,0,0,0,0,0,0,0,0,1,1
6293c04adcfc430eb6f49299777b93e9,alpha,2,24-05-16,8,13%,alpha1,25%,17%,0%,0%,1,1,1,0,0,0,0,0,0,0,1,0,0,0,0,1,1,0,0,0,0,0,0,0,0,0,0,0,0,0,1,0,1,0,0,0,0,0,0,0,0,0,0,0,0,0,0,0,0,0,0,0,0,0,0,0,0,0,0,0
19fc84e0a677414db8897914c007602b,alpha,2,24-05-16,8,13%,alpha1,33%,0%,0%,0%,1,1,0,1,1,0,0,0,1,0,0,1,0,1,0,1,0,0,0,0,0,0,0,0,0,0,0,0,0,0,0,0,0,0,0,0,0,0,0,0,0,0,0,0,0,0,0,0,0,0,0,0,0,0,0,0,0,0,0,0
83cfb532fbd84b729a32b2f7652542bb,alpha,1,24-05-16,4,7%,alpha1,17%,0%,0%,0%,0,1,0,1,0,1,1,0,0,0,0,0,0,0,0,0,0,0,0,0,0,0,0,0,0,0,0,0,0,0,0,0,0,0,0,0,0,0,0,0,0,0,0,0,0,0,0,0,0,0,0,0,0,0,0,0,0,0,0,0
62f572f9c7c24a0dbaf33602dd69631e,alpha,2,24-05-16,5,8%,alpha1,17%,8%,0%,0%,0,1,0,0,1,0,0,0,0,0,1,1,0,0,0,0,0,0,0,0,0,0,0,0,0,0,0,1,0,0,0,0,0,0,0,0,0,0,0,0,0,0,0,0,0,0,0,0,0,0,0,0,0,0,0,0,0,0,0,0
c1e44a7047e0455d9d227ae69b95a915,alpha,2,24-05-16,8,13%,alpha2,25%,0%,14%,0%,1,1,1,1,0,1,0,0,0,0,0,0,0,0,0,0,0,0,1,0,0,0,0,0,0,0,0,0,0,0,0,0,0,0,0,0,1,0,0,1,0,0,0,0,0,0,0,0,0,0,0,0,0,0,0,0,0,0,0,0
34f5dce2ae51462d8b4f018c3d697602,alpha,1,24-05-16,10,17%,alpha1,38%,0%,7%,0%,1,1,1,1,0,0,1,0,1,0,0,0,0,1,0,1,0,0,1,0,0,0,0,0,0,0,0,0,0,0,0,0,0,0,0,0,0,0,0,0,0,0,1,0,0,0,0,0,0,0,0,0,0,0,0,0,0,0,0,0
eeef3444ff7d4ed8ba54f5b403edd8db,alpha,2,24-05-16,12,20%,alpha1,33%,0%,14%,20%,1,1,1,1,1,0,0,0,0,0,1,1,0,0,0,0,0,0,1,0,0,0,0,0,0,0,0,0,0,0,0,0,0,0,0,0,0,0,0,0,0,0,1,0,0,0,0,0,0,1,0,0,0,1,0,0,0,1,0,0
1c0123ce297b4e2f9083cc31bc8bad66,alpha,2,24-05-16,10,17%,alpha1,42%,0%,0%,0%,1,1,1,1,1,1,0,0,0,0,1,1,0,0,1,0,1,0,0,0,0,0,0,0,0,0,0,0,0,0,0,0,0,0,0,0,0,0,0,0,0,0,0,0,0,0,0,0,0,0,0,0,0,0,0,0,0,0,0,0
01e4b92c71b740e9b01df9a5b4ba9653,alpha,2,24-05-16,13,22%,alpha1,42%,8%,7%,10%,1,0,0,1,1,1,0,0,0,0,1,1,0,1,0,1,0,0,1,0,0,0,0,1,0,0,1,0,0,0,0,0,0,0,0,0,0,0,0,0,0,0,0,0,1,0,0,0,0,0,0,0,0,0,0,0,0,0,1,0
28035ed25111417d9c6192dfe063b449,alpha,1,24-05-16,3,5%,alpha1,13%,0%,0%,0%,0,0,0,0,0,1,1,0,0,0,1,0,0,0,0,0,0,0,0,0,0,0,0,0,0,0,0,0,0,0,0,0,0,0,0,0,0,0,0,0,0,0,0,0,0,0,0,0,0,0,0,0,0,0,0,0,0,0,0,0
5c529367cb3142c2888200dad5203200,alpha,2,24-05-16,4,7%,alpha1,17%,0%,0%,0%,1,1,1,0,0,1,0,0,0,0,0,0,0,0,0,0,0,0,0,0,0,0,0,0,0,0,0,0,0,0,0,0,0,0,0,0,0,0,0,0,0,0,0,0,0,0,0,0,0,0,0,0,0,0,0,0,0,0,0,0
6b2de3636c7d466d8f9f7c5e9be5656e,alpha,1,24-05-16,14,23%,alpha1,50%,8%,0%,10%,1,1,1,1,1,1,0,0,1,0,1,1,0,0,0,1,0,1,1,0,0,0,0,0,0,0,0,0,0,1,0,0,0,0,0,0,0,0,0,0,0,0,0,0,0,0,0,0,0,0,0,0,0,0,0,0,0,1,0,0
29c4bd77e83c4640b08e15b8f6545ddc,alpha,2,24-05-16,19,32%,alpha1,50%,50%,7%,0%,1,1,1,1,1,0,1,0,0,0,1,1,0,1,0,1,0,1,1,0,0,0,0,0,1,0,0,1,1,1,0,1,1,0,0,0,0,0,0,1,0,0,0,0,0,0,0,0,0,0,0,0,0,0,0,0,0,0,0,0
b0d9fc4aac3c4abd8251bcd2d921f0ed,alpha,2,24-05-16,12,20%,alpha1,46%,8%,0%,0%,1,1,0,1,1,0,1,1,1,0,1,1,0,0,0,1,0,1,0,0,0,0,0,0,0,0,0,1,0,0,0,0,0,0,0,0,0,0,0,0,0,0,0,0,0,0,0,0,0,0,0,0,0,0,0,0,0,0,0,0
136a6183f10a45c1b02b30458106467a,alpha,1,24-05-16,17,28%,alpha1,58%,8%,0%,20%,1,1,1,1,0,1,0,0,1,0,1,1,0,1,0,1,0,1,1,0,0,0,1,1,0,0,0,1,0,0,0,0,0,0,0,0,0,0,0,0,0,0,0,0,0,0,0,0,0,0,0,1,0,0,0,1,0,0,0,0
7e1e30516a214eb8afc6e9ce2be9d14e,alpha,1,23-05-16,15,25%,alpha1,29%,8%,29%,30%,1,1,1,0,1,1,0,0,0,0,0,1,0,1,0,0,0,0,0,0,0,0,0,0,0,0,0,0,0,0,1,0,0,0,0,0,0,1,0,1,0,0,1,0,0,0,0,1,0,0,0,0,0,0,0,0,0,1,1,1
2a09ebfece624745a7d6945d45628597,alpha,2,23-05-16,31,52%,alpha1,88%,75%,7%,0%,1,1,1,1,1,1,1,1,1,0,1,1,1,1,1,1,0,1,0,1,1,1,1,1,1,1,1,1,0,1,1,1,1,0,1,0,1,0,0,0,0,0,0,0,0,0,0,0,0,0,0,0,0,0,0,0,0,0,0,0
e2f611b435e04d429a4214aa1ad5276b,alpha,2,23-05-16,26,43%,alpha1,83%,50%,0%,0%,1,1,0,1,1,1,1,1,1,0,1,1,1,1,1,1,0,1,1,1,1,1,1,0,0,0,1,1,1,1,1,1,0,0,0,0,0,0,0,0,0,0,0,0,0,0,0,0,0,0,0,0,0,0,0,0,0,0,0,0
b267acb5b45741d692ba3168a3364432,alpha,2,23-05-16,13,22%,alpha1,13%,33%,29%,20%,1,1,0,0,0,0,0,0,0,0,1,0,0,0,0,0,0,0,0,0,0,0,0,0,1,0,0,0,0,1,1,0,0,0,1,0,1,0,0,0,0,1,1,0,0,0,1,0,0,0,0,0,0,0,0,0,0,0,1,1
dd2837fc5fd3482b804a60e1ffc0f382,alpha,1,23-05-16,18,30%,alpha1,63%,17%,7%,0%,1,1,1,1,1,1,1,0,1,0,1,1,0,0,1,1,0,1,1,0,0,0,1,0,0,0,0,1,0,0,1,0,0,0,0,0,0,0,0,0,0,0,1,0,0,0,0,0,0,0,0,0,0,0,0,0,0,0,0,0
fe7d02582bc34823ba571d906e0a93b5,alpha,2,23-05-16,8,13%,alpha1,25%,17%,0%,0%,0,1,0,1,1,1,0,0,0,0,1,0,0,0,0,0,0,1,0,0,0,0,0,0,0,0,0,1,0,0,0,1,0,0,0,0,0,0,0,0,0,0,0,0,0,0,0,0,0,0,0,0,0,0,0,0,0,0,0,0
26a649a2d7fe4f79bc00228b2ac46270,alpha,1,23-05-16,31,52%,alpha1,88%,67%,7%,10%,1,1,1,1,1,1,1,1,1,0,1,1,1,1,1,1,0,1,0,1,1,1,1,1,1,1,1,1,0,0,1,1,1,0,1,0,1,0,0,0,0,0,0,0,0,0,0,0,0,0,0,0,0,0,0,0,0,0,0,1
b0573a566e3441d58eb6dbccc6a23f3d,alpha,1,23-05-16,14,23%,alpha1,46%,17%,7%,0%,1,1,1,1,0,0,1,0,1,0,1,1,0,1,1,0,0,0,0,0,0,0,0,1,0,0,0,1,0,0,1,0,0,0,0,0,0,0,0,0,0,0,1,0,0,0,0,0,0,0,0,0,0,0,0,0,0,0,0,0
32fe5b4444564de3903a459cb0139586,alpha,1,23-05-16,16,27%,alpha1,54%,17%,7%,0%,1,1,1,1,1,0,1,1,0,0,1,1,0,1,1,1,0,0,1,0,0,0,0,0,0,0,0,0,0,1,0,0,0,0,1,0,0,0,0,0,0,1,0,0,0,0,0,0,0,0,0,0,0,0,0,0,0,0,0,0
83003b9f2998437aa5e4efbf49c9c69d,alpha,1,23-05-16,18,30%,alpha1,58%,25%,0%,10%,1,1,1,1,1,0,1,1,1,0,0,1,1,1,1,1,0,1,0,0,0,0,0,0,0,0,1,1,0,0,0,0,0,1,0,0,0,0,0,0,0,0,0,0,0,0,0,0,0,0,0,0,0,0,0,0,0,1,0,0
47dfbcae09104874aba01a6a984b25f1,alpha,2,23-05-16,21,35%,alpha1,50%,17%,36%,20%,0,1,0,1,1,1,0,0,0,0,1,1,1,1,1,1,1,0,1,0,0,0,0,0,0,1,0,0,0,0,0,0,0,1,0,0,1,1,0,0,0,0,0,0,0,0,1,1,0,1,0,0,0,0,0,0,0,0,1,1
ee15158dcacf49eba7519b42e54e60ac,alpha,1,23-05-16,8,13%,alpha1,33%,0%,0%,0%,1,0,1,1,1,0,1,1,0,0,1,0,0,0,0,0,0,0,0,0,0,0,1,0,0,0,0,0,0,0,0,0,0,0,0,0,0,0,0,0,0,0,0,0,0,0,0,0,0,0,0,0,0,0,0,0,0,0,0,0
a0c0d1bbbbaa4d9d8486aed91c4f77c6,alpha,1,23-05-16,29,48%,alpha1,79%,75%,0%,10%,1,1,1,1,1,1,1,1,0,0,1,1,1,1,1,1,0,1,0,1,1,1,1,0,0,1,1,1,1,1,1,1,1,0,1,0,0,0,0,0,0,0,0,0,0,0,0,0,0,0,0,0,0,0,0,0,0,0,0,1
cfd1d3f53c1f46339ca407ee1089e80e,alpha,2,23-05-16,18,30%,alpha1,50%,8%,21%,20%,1,1,0,1,1,1,0,0,1,0,1,1,1,0,0,0,0,1,1,0,0,0,1,0,0,0,0,1,0,0,0,0,0,0,0,0,1,0,0,1,0,0,1,0,0,0,0,0,0,0,0,0,0,0,0,0,0,0,1,1
fa8bd3bc407943688d9dadba49456869,alpha,2,23-05-16,20,33%,alpha1,50%,42%,7%,20%,1,1,1,1,0,1,1,0,1,0,1,1,1,0,0,0,0,0,1,0,0,0,0,1,0,1,1,1,1,1,0,0,0,0,0,0,0,0,0,0,0,0,0,0,1,0,0,0,0,0,0,0,0,0,0,0,0,0,1,1
f6ae0e6cbeac444d8c1b8bba4ad46c75,alpha,1,23-05-16,17,28%,alpha1,58%,25%,0%,0%,1,1,0,0,1,1,0,1,0,0,0,0,0,1,1,1,1,1,1,1,1,1,0,0,0,1,1,1,0,0,0,0,0,0,0,0,0,0,0,0,0,0,0,0,0,0,0,0,0,0,0,0,0,0,0,0,0,0,0,0
f489846429cd427586eb2730a6a938b0,alpha,1,23-05-16,25,42%,alpha1,63%,42%,29%,10%,1,1,1,1,1,1,1,1,0,0,1,1,1,1,1,1,0,0,1,0,0,0,0,0,0,0,1,1,0,1,0,0,0,0,1,1,1,1,0,0,1,1,0,0,0,0,0,0,0,0,0,0,0,0,0,0,0,0,1,0
6d3e85ff37b24ba7b9a2267a8c96bcaa,alpha,2,23-05-16,13,22%,alpha1,50%,8%,0%,0%,1,0,0,1,1,1,0,1,0,0,1,1,1,1,0,1,0,1,1,0,0,0,0,0,0,0,0,1,0,0,0,0,0,0,0,0,0,0,0,0,0,0,0,0,0,0,0,0,0,0,0,0,0,0,0,0,0,0,0,0
453dc86b48d24a58ab2a3f295311d27f,alpha,1,23-05-16,16,27%,alpha1,58%,8%,7%,0%,1,1,1,1,1,1,1,1,0,0,1,1,0,1,1,1,0,0,1,0,0,0,0,0,0,0,0,0,0,1,0,0,0,0,0,0,0,0,0,0,0,1,0,0,0,0,0,0,0,0,0,0,0,0,0,0,0,0,0,0
473480a27af44663abc4ecae7e0213e3,alpha,2,23-05-16,5,8%,alpha1,21%,0%,0%,0%,1,1,0,1,1,1,0,0,0,0,0,0,0,0,0,0,0,0,0,0,0,0,0,0,0,0,0,0,0,0,0,0,0,0,0,0,0,0,0,0,0,0,0,0,0,0,0,0,0,0,0,0,0,0,0,0,0,0,0,0
9e7d4a107da145bab32044e2ed929c42,alpha,1,23-05-16,18,30%,alpha1,54%,25%,14%,0%,1,1,1,1,1,1,1,1,0,0,1,1,0,1,0,1,0,0,1,0,0,0,0,0,0,0,1,1,0,1,0,0,0,0,0,0,0,1,0,0,0,1,0,0,0,0,0,0,0,0,0,0,0,0,0,0,0,0,0,0
0acd9c5d014c4caf94861ff2f94daee7,alpha,2,23-05-16,17,28%,alpha1,54%,25%,7%,0%,1,0,1,1,1,1,1,0,1,0,1,1,0,1,0,0,1,1,1,0,0,0,0,0,0,0,0,1,0,0,1,0,1,0,0,0,0,0,0,0,0,0,1,0,0,0,0,0,0,0,0,0,0,0,0,0,0,0,0,0
1a7b05b24c004b669b0f034d16af415e,alpha,2,23-05-16,13,22%,alpha1,46%,17%,0%,0%,1,1,1,1,1,1,0,0,0,0,1,1,0,1,0,0,0,0,0,0,0,0,1,1,0,0,0,0,0,0,1,0,1,0,0,0,0,0,0,0,0,0,0,0,0,0,0,0,0,0,0,0,0,0,0,0,0,0,0,0
ad2f0df141c84050b4fc3f02ba2f7f22,alpha,2,23-05-16,13,22%,alpha1,38%,8%,21%,0%,1,1,0,1,1,0,0,0,0,0,1,0,1,0,1,1,0,1,0,0,0,0,0,0,0,0,1,0,0,0,0,0,0,0,0,0,0,0,0,0,0,1,1,0,0,0,1,0,0,0,0,0,0,0,0,0,0,0,0,0
181274f65525445bacc3eff6d846c4f6,alpha,2,23-05-16,23,38%,alpha1,67%,58%,0%,0%,1,1,1,1,1,1,1,1,0,0,0,0,0,1,1,1,0,1,0,1,1,1,1,0,0,0,1,1,1,1,1,1,0,0,1,0,0,0,0,0,0,0,0,0,0,0,0,0,0,0,0,0,0,0,0,0,0,0,0,0
306786c57ce14355b4bd84b7c9c1faaa,alpha,2,23-05-16,29,48%,alpha1,83%,75%,0%,0%,1,1,1,1,1,1,1,1,1,0,0,1,1,1,1,1,0,1,0,1,1,1,1,1,1,1,1,1,0,1,1,1,1,0,1,0,0,0,0,0,0,0,0,0,0,0,0,0,0,0,0,0,0,0,0,0,0,0,0,0
0a1fa441e38f42d7ac72551abc4566aa,alpha,2,23-05-16,11,18%,alpha1,42%,8%,0%,0%,1,1,0,1,1,1,0,0,0,0,1,1,0,0,0,1,0,0,1,0,0,0,0,1,0,0,0,1,0,0,0,0,0,0,0,0,0,0,0,0,0,0,0,0,0,0,0,0,0,0,0,0,0,0,0,0,0,0,0,0
f7bb2a78496644c2bdfb1d9413451aed,alpha,2,23-05-16,3,5%,alpha1,13%,0%,0%,0%,0,0,0,0,0,0,0,0,0,0,0,0,0,0,0,1,0,1,1,0,0,0,0,0,0,0,0,0,0,0,0,0,0,0,0,0,0,0,0,0,0,0,0,0,0,0,0,0,0,0,0,0,0,0,0,0,0,0,0,0
81485b93f9b948a2abbd8e20389c078c,alpha,2,23-05-16,15,25%,alpha1,54%,0%,14%,0%,1,1,1,1,1,0,1,0,1,0,1,1,0,1,1,1,0,0,0,0,0,0,0,1,0,0,0,0,0,0,0,0,0,0,0,0,1,0,0,0,0,1,0,0,0,0,0,0,0,0,0,0,0,0,0,0,0,0,0,0
4928f4b45dd74147ba9a4fffa780dc77,alpha,1,23-05-16,4,7%,alpha1,8%,0%,0%,20%,0,1,0,0,0,0,0,0,0,0,0,0,0,0,0,0,0,0,1,0,0,0,0,0,0,0,0,0,0,0,0,0,0,0,0,0,0,0,0,0,0,0,0,0,0,0,0,0,0,0,0,0,0,0,0,0,0,1,1,0
4fd4bfdc9c8e481b879183b50e2fc182,alpha,1,23-05-16,21,35%,alpha1,54%,25%,21%,20%,1,1,1,1,1,1,0,1,0,0,1,1,0,1,1,1,0,0,1,0,0,0,0,0,0,0,0,1,0,1,0,0,0,0,0,1,0,0,0,0,1,1,0,0,0,0,1,0,0,0,0,0,0,0,1,0,0,0,1,0
fda8956ff4174c919cbb5a4a65ae3745,alpha,1,23-05-16,10,17%,alpha1,38%,8%,0%,0%,1,1,1,1,1,0,1,0,1,0,1,1,0,0,0,0,0,0,0,0,0,0,0,0,0,0,0,1,0,0,0,0,0,0,0,0,0,0,0,0,0,0,0,0,0,0,0,0,0,0,0,0,0,0,0,0,0,0,0,0
a8125b726b09413db6b812326602ee6e,alpha,1,23-05-16,12,20%,alpha1,42%,17%,0%,0%,1,1,0,1,1,1,0,0,0,0,1,1,0,0,0,1,0,0,1,0,0,0,0,1,0,0,0,1,0,0,0,0,0,1,0,0,0,0,0,0,0,0,0,0,0,0,0,0,0,0,0,0,0,0,0,0,0,0,0,0
